poet,poet_slug,source_poet_label,attributed_century,within_poet_rank,source_record_id,book_title,poem_title,hemistich_1,hemistich_2,symbolism_score,imagery_score,figurative_score,music_score,compression_score,emotion_score,structure_score,novelty_score,overall_score,within_poet_percentile
رودکی,rudaki,رودکی,3,1,108,رباعیات,رباعی شماره ۲۲,در منزل غم فگنده مفرش ماییم,وز آب دو چشم دل پر آتش ماییم,99.94,78.97,98.69,93.41,99.95,86.71,85.48,84.22,91.91,100
رودکی,rudaki,رودکی,3,2,378,قصاید و قطعات,شماره ۷۰,چون سپرم نه میان بزم به نوروز,درمه بهمن بتاز و جان عدو سوز,91.55,78.97,96.52,69.92,96.94,56.08,62.6,98.89,82.12,99.90118577075098
رودکی,rudaki,رودکی,3,3,852,ابیات به جا مانده از کلیله و دمنه و سندبادنامه,بخش ۱۲,هیچ تلخی نیست بر دل تلخ تر,از فراق دوستان پر هنر,93.58,92.94,79,53.4,93.3,96.67,27.15,60.56,78.21,99.70355731225297
رودکی,rudaki,رودکی,3,4,602,قصاید و قطعات,شماره ۱۲۰ - کاندر جهان به کس مگرو جز به فاطمی,تا خوی ابر گل رخ تو کرده شبنمی,شبنم شده‌ست سوخته چون اشک ماتمی,98.4,91.62,87.48,61.21,71.82,56.08,23.33,96.97,76.33,99.60474308300395
رودکی,rudaki,رودکی,3,5,563,قصاید و قطعات,شماره ۱۰۸,زمانی برق پر خنده، زمانی رعد پر ناله,چنان مادر ابر سوک عروس سیزده ساله,81.22,75.92,57.7,81.88,98.6,51.09,70.12,88.75,75.46,99.50592885375494
رودکی,rudaki,رودکی,3,6,78,رباعیات,رباعی شماره ۶,چشمم ز غمت، به هر عقیقی که بسفت,بر چهره هزار گل ز رازم بشکفت,81.22,94.71,57.7,59.63,93.81,80.12,39.39,84.74,75.11,99.40711462450594
رودکی,rudaki,رودکی,3,7,113,رباعیات,رباعی شماره ۲۴,آری، که چو آن ماه بود بازرگان,دیدار به دل فروشد و بوسه به جان,94.31,97.31,96.52,63.05,91.16,0,44.09,70.98,73.08,99.30830039525692
رودکی,rudaki,رودکی,3,8,564,قصاید و قطعات,شماره ۱۰۸,و گشته زین پرند سبز شاخ بید بنساله,چنان چون اشک مهجوران نشسته ژاله بر لاله,72.63,73.41,79,74.23,81.18,46.91,52.27,93.88,71.87,99.2094861660079
رودکی,rudaki,رودکی,3,9,100,رباعیات,رباعی شماره ۱۸,بر عشق توام، نه صبر پیداست، نه دل,بی روی توام، نه عقل بر جاست، نه دل,64.17,0,89.62,97.2,99.14,97.18,98.05,34.18,71.84,99.1106719367589
رودکی,rudaki,رودکی,3,10,578,قصاید و قطعات,شماره ۱۱۳,اگر می نیستی، یکسر همه دل ها خرابستی,اگر در کالبد جان را ندیدستی، شرابستی,94.31,24.59,79,85.67,96.54,18.41,81.73,97.42,71.6,99.01185770750988
فردوسی,ferdowsi,فردوسی,4,1,48864,پادشاهی خسرو پرویز,بخش ۷۶,ببردند پیلی به نزدیک اوی,پر از درد شد جان تاریک اوی,98.73,98.59,97.55,89.99,92.9,67.28,85.96,97.18,91.7,100
فردوسی,ferdowsi,فردوسی,4,2,22095,اندر ستایش سلطان محمود,اندر ستایش سلطان محمود,پر از درد شد جان افراسیاب,نکرد ایچ بر جنگ جستن شتاب,93.58,84.15,95.44,72.59,95.12,96.67,66.67,96.89,88.25,99.9979578500245
فردوسی,ferdowsi,فردوسی,4,3,18202,داستان دوازده رخ,داستان دوازده رخ,دگر هرچ از گنج نزدیک تست,همه دشمن جان تاریک تست,94.48,86.35,79,90.96,96.31,86.33,87.13,56.51,86.3,99.99591570004901
فردوسی,ferdowsi,فردوسی,4,4,37382,پادشاهی بهرام گور,بخش ۳۹,شب و روز گریان بد از مهر اوی,نهاده دو چشم اندران چهر اوی,93.88,78.97,86.67,89.92,87.11,86.71,86.94,71.26,86.19,99.99387355007352
فردوسی,ferdowsi,فردوسی,4,5,4860,پادشاهی نوذر,بخش ۵,دل نوذر از غم پر از درد بود,که تاجش ز اختر پر از گرد بود,98.51,73.41,85.38,91.85,90.25,85.46,93.58,59.29,86.14,99.99183140009802
فردوسی,ferdowsi,فردوسی,4,6,4823,پادشاهی نوذر,بخش ۴,پر از ناله کوس شد مغز میغ,پر از آب شنگرف شد جان تیغ,98.96,78.97,97.55,74.86,95.44,56.08,94.9,91.42,86.09,99.98978925012253
فردوسی,ferdowsi,فردوسی,4,7,46796,پادشاهی خسرو پرویز,بخش ۳۴,چو خورشید برچرخ بگشاد راز,سپهدار جنگی بزد طبل باز,81.22,87.42,92.66,74.69,95.31,98.14,55.57,93.88,85.46,99.98774710014703
فردوسی,ferdowsi,فردوسی,4,8,48305,پادشاهی خسرو پرویز,بخش ۶۸,پر از درد شد جان خندان اوی,وز ایوان او کرد زندان اوی,92.59,81.39,95.44,96.76,89.92,61.55,93.11,60.37,85.42,99.98570495017154
فردوسی,ferdowsi,فردوسی,4,9,30229,پادشاهی اسکندر,بخش ۶,که دانش نباشد به نزدیک اوی,پر از غم بود جان تاریک اوی,98.45,81.39,85.38,91.09,92.77,61.55,90.83,71.75,85.35,99.98366280019604
فردوسی,ferdowsi,فردوسی,4,10,3311,منوچهر,بخش ۴,که آیی به شادی سوی خان من,چو خورشید روشن کنی جان من,95.49,92.24,96.52,87.96,88.97,61.55,77.2,62.9,85.2,99.98162065022055
کسایی,kasaei,کسایی,4,1,50547,دیوان اشعار,به نوبهار ...,به نوبهار جهان تازه گشت و خرم گشت,درخت سبز علم گشت و خاک معلم گشت,69.49,73.41,57.7,91.97,93.96,46.91,95.67,19.75,69.88,100
کسایی,kasaei,کسایی,4,2,50563,دیوان اشعار,زلف معشوق,خم زلفش یکی دام است چون خورشید و مه گیرد,سر زلفش یکی شست است کو سیمین ذقن گیرد,91.42,68.43,85.38,90.19,75.56,0,98.1,25.01,69.53,99.67105263157895
کسایی,kasaei,کسایی,4,3,50772,ابیات پراکنده از فرهنگهای لغت,شماره ۴۲,سزد که پروین بارد دو چشم من شب و روز,کنون کزین دو شب من شعاع برزد پرو,82.01,69.44,83.29,37.26,86.1,33.24,70.29,90.52,68.55,99.3421052631579
کسایی,kasaei,کسایی,4,4,50504,دیوان اشعار,سوگنامه,گل باز کرده دیده باران برو چکیده,چون خوی فرو دویده بر عارض چو دیبا,91.82,90.72,97.93,31.3,78.88,0,47.84,96.88,68.36,99.01315789473685
کسایی,kasaei,کسایی,4,5,50629,دیوان اشعار,پنجاه سالگی شاعر,نهیب مرگ بلرزاندم همی شب و روز,چو کودکان بدآموز را نهیب دوال,83.87,24.59,99.28,44.03,99.78,33.24,78.31,89.57,68,98.68421052631578
کسایی,kasaei,کسایی,4,6,50553,دیوان اشعار,مرگ امیر,آن کس که بر امیر در مرگ باز کرد,بر خویشتن نگر نتواند فراز کرد,90.79,24.59,79,88.33,91.16,0,69.74,88.47,66.81,98.35526315789474
کسایی,kasaei,کسایی,4,7,50585,دیوان اشعار,دیده و اشک,دو دیده من و از دیده اشک دیده من,میان دیده و مژگان ستاره وار پدید,95.78,97.11,27.66,74.98,22.8,46.91,92.74,65.75,66.25,98.02631578947368
کسایی,kasaei,کسایی,4,8,50542,دیوان اشعار,موی سپید و روی سیاه ...,گفت : موی سپید و روی سیاه,همچو روز است در میانه شب !,85.77,84.15,99.47,32.64,86.56,33.24,61.34,11.95,65.95,97.69736842105263
کسایی,kasaei,کسایی,4,9,50684,دیوان اشعار,قطره باران,بر پیلگوش قطره باران نگاه کن,چون اشک چشم عاشق گریان همی شده,79,81.39,95.44,10.82,74.86,95.89,39.05,22.83,65.93,97.36842105263158
کسایی,kasaei,کسایی,4,10,50500,دیوان اشعار,سوگنامه,بر شاخ سرو بلبل با صد هزار غلغل,دراج باز بر گل چون عروه پیش عفرا,81.22,73.41,79,28.97,73.69,36.72,63.5,88.92,65.46,97.03947368421053
ابوسعید ابوالخیر,abu-saeid-abul-kheir,ابوسعید ابوالخیر,5,1,68812,رباعیات,رباعی شماره ۱۴۸,هرگز المی چو فرقت جانان نیست,دردی بتر از واقعه هجران نیست,77.57,84.15,92.66,93.65,96.15,92.69,92.14,89.96,89.06,100
ابوسعید ابوالخیر,abu-saeid-abul-kheir,ابوسعید ابوالخیر,5,2,69142,رباعیات,رباعی شماره ۳۱۳,ای خواجه ز فکر گور غم می‌باید,اندر دل و دیده سوز و نم می‌باید,94.31,97.31,79,97.02,94.07,51.09,88.3,84.71,86.5,99.93548387096774
ابوسعید ابوالخیر,abu-saeid-abul-kheir,ابوسعید ابوالخیر,5,3,68964,رباعیات,رباعی شماره ۲۲۴,از شبنم عشق خاک آدم گل شد,شوری برخاست فتنه‌ای حاصل شد,93.58,98.59,95.44,86.34,95.12,67.28,70.82,59.26,85.99,99.87096774193547
ابوسعید ابوالخیر,abu-saeid-abul-kheir,ابوسعید ابوالخیر,5,4,69622,رباعیات,رباعی شماره ۵۵۳,ای آنکه تراست عار از دیدن من,مهرت باشد بجای جان در تن من,91.55,78.97,79,87.02,89.34,56.08,81.46,97.75,82.56,99.80645161290323
ابوسعید ابوالخیر,abu-saeid-abul-kheir,ابوسعید ابوالخیر,5,5,69850,رباعیات,رباعی شماره ۶۶۷,جان چیست غم و درد و بلا را هدفی,دل چیست درون سینه سوزی و تفی,93.58,90.11,79,69.16,98.05,85.46,69.99,58.41,82.5,99.74193548387098
ابوسعید ابوالخیر,abu-saeid-abul-kheir,ابوسعید ابوالخیر,5,6,69758,رباعیات,رباعی شماره ۶۲۱,ای روی تو مهر عالم آرای همه,وصل تو شب و روز تمنای همه,95.35,24.59,97.29,91.55,99.78,92.76,92.94,60.62,82.43,99.67741935483872
ابوسعید ابوالخیر,abu-saeid-abul-kheir,ابوسعید ابوالخیر,5,7,69327,رباعیات,رباعی شماره ۴۰۵,اکنون که شدی عاشق و بدروز ای دل,تن درده و جان کن و جگر سوز ای دل,94.6,69.44,95.44,92.58,94.02,41.78,86.26,59.52,81.03,99.61290322580645
ابوسعید ابوالخیر,abu-saeid-abul-kheir,ابوسعید ابوالخیر,5,8,70826,ابیات پراکنده,تکه ۴۸,همه جمال تو بینم چو دیده باز کنم,همه تنم دل گردد که با تو راز کنم,78.61,70.78,92.66,91.75,94.12,87.56,99.18,6.73,80.15,99.54838709677419
ابوسعید ابوالخیر,abu-saeid-abul-kheir,ابوسعید ابوالخیر,5,9,69830,رباعیات,رباعی شماره ۶۵۷,ای دل بر دوست تحفه جز جان نبری,دردت چو دهند نام درمان نبری,82.25,78.97,92.66,94.08,98.1,56.08,84.63,33.92,79.99,99.48387096774194
ابوسعید ابوالخیر,abu-saeid-abul-kheir,ابوسعید ابوالخیر,5,10,68724,رباعیات,رباعی شماره ۱۰۴,از گل طبقی نهاده کین روی منست,وز شب گرهی فگنده کین موی منست,88.21,78.97,27.66,95.68,70.91,88.43,97.57,96.47,78.85,99.41935483870967
اسدی توسی,asadi-tusi,اسدی توسی,5,1,81162,گرشاسپ‌نامه,رفتن گرشاسب به نزد ضحاک,چو روی خور از بیم شب زرد شد,ز گردون سر روز پر گرد شد,98.98,75.92,99.97,87.68,99.82,85.93,75.63,37.96,86.09,100
اسدی توسی,asadi-tusi,اسدی توسی,5,2,80108,گرشاسپ‌نامه,در ستایش شاه بودلف گوید,به چوگان چو برداشت گوی زرنگ,ز بیمش بگردد رخ مه زرنگ,77.57,84.15,92.66,89.91,92.9,67.28,92.09,89.57,85.06,99.9859392575928
اسدی توسی,asadi-tusi,اسدی توسی,5,3,86460,گرشاسپ‌نامه,آمدن فغفور به جنگ نریمان,خون چو رو مهین هین گرفت,ز غم چهره شاه چین چین گرفت,83.34,81.39,92.66,94.67,94.43,95.89,90.68,26.77,84.86,99.9718785151856
اسدی توسی,asadi-tusi,اسدی توسی,5,4,86529,گرشاسپ‌نامه,نامه گرشاسب به نزد فریدون,گره شد ز غم بر رخ شاه چین,ز کاهش چو افتاد بر ماه چین (),90.79,90.72,99.38,90.72,92.29,51.09,89.24,57.67,84.62,99.9578177727784
اسدی توسی,asadi-tusi,اسدی توسی,5,5,83309,گرشاسپ‌نامه,رفتن گرشاسب به درگاه شاه روم و کمان کشیدن,بر شاه ایرانم امید هست,چراغم چه باید، چو خورشید هست,84.97,86.35,92.66,89.39,86.18,86.33,72.22,65.06,84.55,99.9437570303712
اسدی توسی,asadi-tusi,اسدی توسی,5,6,80276,گرشاسپ‌نامه,آغاز داستان,خرامید از آن سایه سرو و بید,سوی باغ شد دل به بیم و امید,94.31,75.92,95.44,71.4,91.16,94.59,49.68,85.33,84.05,99.929696287964
اسدی توسی,asadi-tusi,اسدی توسی,5,7,81193,گرشاسپ‌نامه,نامه فرستادن گرشاسب به نزد بهو,ز خورشید مر روز را مایه کرد,شب قیرگون خاک را سایه کرد,99.45,92.24,89.44,91.15,85.52,33.24,75.74,84.81,83.19,99.9156355455568
اسدی توسی,asadi-tusi,اسدی توسی,5,8,85155,گرشاسپ‌نامه,پادشاهی فریدون و نامه فرستادن گرشاسب,چو در برج شاهین شد از خوشه مهر,نشست او به شاهی سر ماه مهر,94.8,75.92,97.55,89.57,49.26,87.06,89.29,71.9,83.14,99.9015748031496
اسدی توسی,asadi-tusi,اسدی توسی,5,9,81360,گرشاسپ‌نامه,جنگ دوم گرشاسب با سالاران بهو,جهان آینه جوش جوشن گرفت,زمین گونه روی روشن گرفت,99.3,94.71,85.38,96.95,93.17,0,94.05,88.58,82.45,99.8875140607424
اسدی توسی,asadi-tusi,اسدی توسی,5,10,81694,گرشاسپ‌نامه,دیدن گرشاسب برهمن را,وز اندوه آدم از ایدر به درد,شب و روز گرینده و روی زرد,79.96,97.79,83.29,69.19,85.48,92.59,56.54,86,82.2,99.87345331833521
باباطاهر,baba-taher,باباطاهر,5,1,70494,دوبیتی‌ها,دوبیتی شماره ۲۵۶,بدنیا مثل مو دل سوته‌ای نه,بدرد سوز غم اندوته‌ای نه,79.62,86.35,92.66,95.49,94.57,72.64,74.66,93.88,86.31,100
باباطاهر,baba-taher,باباطاهر,5,2,70551,دوبیتی‌ها,دوبیتی شماره ۲۸۴,شو و روز از فراقت ناله مو,چو آه سوته جانان پر شرر بی,98.2,78.97,97.93,32.1,96.94,92.86,61.34,96.52,82.34,99.86859395532196
باباطاهر,baba-taher,باباطاهر,5,3,70664,دوبیتی‌ها,دوبیتی شماره ۳۴۱,دل بی عشق را افسردن اولی,هر که دردی نداره مردن اولی,77.57,84.15,57.7,97.28,89.18,96.67,93.64,60.35,82.06,99.73718791064388
باباطاهر,baba-taher,باباطاهر,5,4,70281,دوبیتی‌ها,دوبیتی شماره ۱۴۹,مو آن دلداده بی خانمانم,مو آن محنت نصیب سخت جانم,79.62,86.35,57.7,83.35,89.77,86.33,95.13,89.15,82.04,99.60578186596584
باباطاهر,baba-taher,باباطاهر,5,5,70668,دوبیتی‌ها,دوبیتی شماره ۳۴۳,دل ار عشقت نداره مرده اولی,روان بی درد عشق افسرده اولی,77.57,84.15,57.7,98.07,97.69,99.16,97.38,20.74,80.62,99.47437582128778
باباطاهر,baba-taher,باباطاهر,5,6,70357,دوبیتی‌ها,دوبیتی شماره ۱۸۷,الهی سوز عشقت بیشتر کن,دل ریشم ز دردت ریشتر کن,79.62,93.62,57.7,94.53,92.34,97.38,93.03,10.47,79.8,99.34296977660972
باباطاهر,baba-taher,باباطاهر,5,7,70413,دوبیتی‌ها,دوبیتی شماره ۲۱۵,صدای چاوشان مردن آیو,بگوش آوازه جان کندن آیو,95.96,88.72,79,91.12,93.6,0,87.51,97.81,79.57,99.14586070959264
باباطاهر,baba-taher,باباطاهر,5,8,70253,دوبیتی‌ها,دوبیتی شماره ۱۳۵,ز وصلت تا بکی فرد آیم و شم,جگر پر سوز و پر درد آیم و شم,78.61,89.56,57.7,99.03,91.21,43.79,97.32,86.91,79.57,99.14586070959264
باباطاهر,baba-taher,باباطاهر,5,9,70596,دوبیتی‌ها,دوبیتی شماره ۳۰۷,دلم از سوز عشق آتش بجان بی,بکامم زهر از آن شکر دهان بی,82.25,99.35,57.7,87.9,94.29,56.08,81.41,62.84,78.68,98.94875164257556
باباطاهر,baba-taher,باباطاهر,5,10,70680,دوبیتی‌ها,دوبیتی شماره ۳۴۹,دلی چون مو بغم اندوته ای نی,زری چون جان مو در بوته‌ای نی,73.34,91.62,99.08,90.69,93.22,0,97.69,87.74,78.62,98.8173455978975
فخرالدین اسعد گرگانی,fakhr-al-din-asad-gorgani,فخرالدین اسعد گرگانی,5,1,78014,ویس و رامین,رسیدن رامین به مرو نزد ویس,ز روزن روى رامین دید چون مهر,شکفته شد به جانش در گل مهر,98.96,78.97,99.68,88.35,92.54,88.43,92.98,97.59,92.15,100
فخرالدین اسعد گرگانی,fakhr-al-din-asad-gorgani,فخرالدین اسعد گرگانی,5,2,72310,ویس و رامین,آگاهى یافتن ویرو از بردن شاه ویس را,گهى ارید چشمش بر گل زرد,گهى نالید جانش از غم و درد,95.49,99.81,79,74.42,95.86,89.7,89.93,84.26,88.84,99.9887285843102
فخرالدین اسعد گرگانی,fakhr-al-din-asad-gorgani,فخرالدین اسعد گرگانی,5,3,76115,ویس و رامین,پاسخ دادن ویس موبد را,نه من گفتم که گونه زرد خواهم,همیشه جان و دل پر درد خواهم,95.03,97.79,95.44,95.72,96.1,82.3,93,15.02,87.61,99.97745716862038
فخرالدین اسعد گرگانی,fakhr-al-din-asad-gorgani,فخرالدین اسعد گرگانی,5,4,77092,ویس و رامین,نامهء چهارم خشنودى نمودن از فراق و امید بستن بر وصل,چو دى ماه فراق ما سر آید,بهار وصلت و شادى در آید,83.87,81.39,99.28,88.89,99.78,87.44,90.24,60.18,87.34,99.96618575293057
فخرالدین اسعد گرگانی,fakhr-al-din-asad-gorgani,فخرالدین اسعد گرگانی,5,5,76776,ویس و رامین,بیمار شدن ویس از فراق رامین,همه بستر ز جانش پر غم و درد,همه بالین ز رویش پر گل زرد,99.3,99.16,85.38,77.94,95.93,92.79,97.33,26.21,87.15,99.95491433724075
فخرالدین اسعد گرگانی,fakhr-al-din-asad-gorgani,فخرالدین اسعد گرگانی,5,6,74916,ویس و رامین,زارى کردن ویس از رفتن رامین,چو چشمم راز غم بى خواب کردى,کنارم را پر از خوناب کردى,75.81,81.39,92.66,93.49,96.38,95.89,89.21,61.14,86.2,99.94364292155095
فخرالدین اسعد گرگانی,fakhr-al-din-asad-gorgani,فخرالدین اسعد گرگانی,5,7,73127,ویس و رامین,اندر باز آمدن دایه به نزدیک رامین به باغ,بدو گفت اى مرا چون چشم روشن,به مهر اندر بپوش از صبر جوشن,82.25,91.62,98.83,74.03,91.83,95.24,62.31,84.07,85.99,99.93237150586114
فخرالدین اسعد گرگانی,fakhr-al-din-asad-gorgani,فخرالدین اسعد گرگانی,5,8,78162,ویس و رامین,پاسخ دادن ویس رامین را,نه باد ارم همه سال از دم سرد,نه ابر آرم ز دود جان پر درد,97.56,90.11,85.38,69.28,98.87,79.22,84.77,71.37,85.69,99.92110009017132
فخرالدین اسعد گرگانی,fakhr-al-din-asad-gorgani,فخرالدین اسعد گرگانی,5,9,75168,ویس و رامین,آمدن رامین به دز اشکفت دیوان پیش ویس,نه چشمش دید جان افزاى رویش,نه مغزش یافت مهر انگیز بویش,97.56,98.59,79,77.62,95.12,67.28,84.74,71.1,85.25,99.90982867448152
فخرالدین اسعد گرگانی,fakhr-al-din-asad-gorgani,فخرالدین اسعد گرگانی,5,10,72945,ویس و رامین,فریفتان دایه ویس را به جهت رامین,تن من دردها را راه گشست,تو گویى جانم آتشگاه گشست,94.48,86.35,79,94.55,88.68,72.64,90.13,60.71,84.82,99.89855725879171
فرخی سیستانی,farrokhi-sistani,فرخی سیستانی,5,1,65158,قصاید,قصیده شماره ۱۸ - در ذکر وفات سلطان محمود و رثاء آن پادشاه,خیز شاها! که جهان پر شغب و شور شده‌ست,شور بنشان و شب و روز به شادی بگذار,81.97,88.72,94.87,61.93,99.9,82.84,76.61,84.19,83.92,100
فرخی سیستانی,farrokhi-sistani,فرخی سیستانی,5,2,67215,ترجیعات,در مدح امیر ابو یعقوب یوسف بن ناصرالدین,به گوش آواز هر مرغی لطیف وطبعساز آید,به دست می ز شادی هر زمان ما را جواز آید,87.79,98.33,79,90.01,88.81,40.66,96.26,85.05,83.27,99.96589358799454
فرخی سیستانی,farrokhi-sistani,فرخی سیستانی,5,3,66667,قصاید,قصیده شماره ۵۶ - در مدح خواجه ابوالحسن حجاج علی بن فضل بن احمد,باغ امیدت پر گل و لاله باد,چون باغ فضلت پر گل و نسترن,95.96,91.62,92.66,72,95.36,56.08,97.17,16.52,80.42,99.93178717598909
فرخی سیستانی,farrokhi-sistani,فرخی سیستانی,5,4,66950,قصاید,قصیده شماره ۶۵ - در مدح خواجه ابو الحسن علی بن فضل بن احمد معروف به حجاج,به جان تو که نیارم تمام کرد نگاه,ز بیم چشم رسیدن بدان دو چشم سیاه,95.59,94.13,79,77.11,87.82,46.91,72.84,61.76,79.18,99.89768076398363
فرخی سیستانی,farrokhi-sistani,فرخی سیستانی,5,5,67235,ترجیعات,در مدح امیر ابو یعقوب یوسف بن ناصرالدین,مرا باری همه مهر از می بیجاده رنگ آمد,زمرد را روان خواهم چو از روی پرنگ آمد,85.38,69.44,85.38,93.29,45.8,75.28,91.87,89.34,79.13,99.86357435197817
فرخی سیستانی,farrokhi-sistani,فرخی سیستانی,5,6,65770,قصاید,قصیده شماره ۳۲ - در صفت داغگاه امیر ابوالمظفر فخرالدوله احمدبن‌محمدوالی‌چغانیان,تا نگردد باد خاک و ماه مهر و روز شب,تا نگردد سنگ موم و سیم زر و لاله خار,99.6,68.07,94.66,43.51,85.33,80.54,91.71,61.36,78.95,99.82946793997272
فرخی سیستانی,farrokhi-sistani,فرخی سیستانی,5,7,66496,قصاید,قصیده شماره ۵۱ - در مدح امیر ابو یعقوب یوسف بن ناصرالدین,زین عید عدو را غم و اندوه و ترا لهو,تو با رخ پر لاله و او با رخ پر چین,93.17,87.03,79,49.93,81.76,75.11,72.68,86.72,78.58,99.79536152796726
فرخی سیستانی,farrokhi-sistani,فرخی سیستانی,5,8,66250,قصاید,قصیده شماره ۴۵ - در مدح یمین الدوله ابوالقاسم محمود بن ناصرالدین,امیر اگر ز بر کشته سایه برفکند,ز فر سایه او کشته باز یابد جان,99.77,90.72,87.48,55.86,93.61,0,91.56,97.38,77.08,99.7612551159618
فرخی سیستانی,farrokhi-sistani,فرخی سیستانی,5,9,64764,قصاید,قصیده شماره ۱۱ - در دعای به سلطان محمود غزنوی,وانکس که هزیمت شد ازین خسرو و جان برد,چون از غم جان رسته شد، اندر غم نان باد,94.22,24.59,96.52,63.44,89.62,79.65,78.76,71.36,75.12,99.65893587994543
فرخی سیستانی,farrokhi-sistani,فرخی سیستانی,5,10,65301,قصاید,قصیده شماره ۲۱ - در وصف بهار و مدح ابو احمد محمد بن محمود بن سبکتکین,ارغوان بینی چو دست نیکوان پر دستبند,شاخ گل بینی چو گوش نیکوان پر گوشوار,91.82,97.31,97.93,60.68,79.73,0,92.51,70.68,74.98,99.62482946793997
مسعود سعد سلمان,masud-sad-salman,مسعود سعد سلمان,5,1,68085,قصاید,قصیده شماره ۲۳ - شبی سیاه‌تر از روی ورای اهریمن,به ناز گفت که از دیده بیش اشک مریز,به مهر گفتم کز زلف بیش مشک مکن,89.81,96.55,83.88,55.7,57.16,93.61,96.25,36.5,77.94,99.95898277276456
مسعود سعد سلمان,masud-sad-salman,مسعود سعد سلمان,5,2,67791,قصاید,قصیده شماره ۱۷ - درد و تیمار دختر و پسرم,از غم و درد چون گل و نرگس,روز و شب با سرشک و با سهرم,85.16,96.91,99.28,37.45,99.64,92,61.34,24.96,77.94,99.95898277276456
مسعود سعد سلمان,masud-sad-salman,مسعود سعد سلمان,5,3,67958,قصاید,قصیده شماره ۲۱ - تا مرگ مگر که وقف زندانم,گه انده جان به باس بگسارم,گه آتش دل به اشک بنشانم,99.39,24.59,85.38,67.61,96.15,67.28,93.77,96.45,77.58,99.83593109105826
مسعود سعد سلمان,masud-sad-salman,مسعود سعد سلمان,5,4,67559,قصاید,قصیده شماره ۱۰ - مرا بدانند آن‌ها که شعر می‌دانند,ز آب دیده گریان چو تیغم آب دهند,از آتش دل سوزان مرا بتفسانند,98.37,97.79,98.18,72.38,85.73,33.24,45.58,26.18,75.29,99.75389663658737
مسعود سعد سلمان,masud-sad-salman,مسعود سعد سلمان,5,5,68105,قصاید,قصیده شماره ۲۳ - شبی سیاه‌تر از روی ورای اهریمن,همیشه تا دمد از روی ماه تابش مهر,همیشه تا دمد از کنج باغ بوی سمن,94.16,96.91,27.66,56.72,56.82,88.03,98.16,91.05,74.85,99.67186218211648
مسعود سعد سلمان,masud-sad-salman,مسعود سعد سلمان,5,6,67419,قصاید,قصیده شماره ۴ - قطعهی گفته‌ام که دیوانیست,همچو لاله ز خون دل روییست,چون بنفشه ز زخم کف رانیست,85.38,84.15,96.52,77.29,63.25,67.28,66.67,13.64,73.57,99.58982772764561
مسعود سعد سلمان,masud-sad-salman,مسعود سعد سلمان,5,7,67294,قصاید,قصیده شماره ۱,شد دیده تیره و نخورم غم ز بهر آنک,روزم همه شب است و صباحم همه مسا,82.04,70.78,98.91,38.08,99.82,92.25,68.44,13.4,73.45,99.50779327317474
مسعود سعد سلمان,masud-sad-salman,مسعود سعد سلمان,5,8,67794,قصاید,قصیده شماره ۱۷ - درد و تیمار دختر و پسرم,گشت لاله ز خون دیده رخم,شد بنفشه ز زخم دست برم,90.79,98.59,74.12,49.96,63.25,67.28,59.45,57.24,72.51,99.34372436423298
مسعود سعد سلمان,masud-sad-salman,مسعود سعد سلمان,5,9,68385,قطعات,شماره ۵ - بر تو سید حسن دلم گرید,آب مهر ترا خلاب نبود,آتش خشم تو شرار نداشت,96.21,24.59,86.67,35.27,85.2,99.27,58.93,96.99,72.44,99.2616899097621
مسعود سعد سلمان,masud-sad-salman,مسعود سعد سلمان,5,10,67967,قصاید,قصیده شماره ۲۱ - تا مرگ مگر که وقف زندانم,زی درگه تو همی رود بختم,در سایه تو همی خزد جانم,98.73,84.15,85.38,47.31,88.37,0,66.67,99.58,72.03,99.17965545529123
منوچهری,manuchehri,منوچهری,5,1,64333,رباعیات,رباعی شماره ۳,تاریک شد از مهر دل افروزم روز,شد تیره شب، از آه جگر سوزم روز,96.94,97.31,86.86,92.69,72.83,94.59,88.33,96.43,91.08,100
منوچهری,manuchehri,منوچهری,5,2,61899,قصاید و قطعات,شماره ۲۱ - در مدح خواجه احمد وزیر سلطان مسعود غزنوی,نور رایش تیره شب را روز نورانی کند,دود خشمش روز روشن را شب یلدا کند,96.41,73.41,86.67,89.15,87.39,84.19,96.57,65.11,85.77,99.96420901932713
منوچهری,manuchehri,منوچهری,5,3,64114,مسمطات,در مدح سلطان مسعود غزنوی,همچو خورشید کجا لشکر سایه شکند,لشکر دشمن به زین شکند شاهنشاه,94.8,92.94,85.38,61.12,75.54,67.28,90.11,85.05,81.74,99.92841803865426
منوچهری,manuchehri,منوچهری,5,4,64228,مسمطات,در تهنیت جشن مهرگان و مدح سلطان مسعود غزنوی,زان خجسته سفر این جشن چو باز آمد,سخت خوب آمد و بسیار بساز آمد,61,75.92,79,91.82,69.01,88.96,90.41,84.13,78.44,99.89262705798139
منوچهری,manuchehri,منوچهری,5,5,61570,قصاید و قطعات,شماره ۲,همه کهسار پر زلفین معشوقان و پر دیده,همه زلفین ز سنبلها، همه دیده ز عبهرها,94.16,90.11,27.66,75.77,49.5,91.88,99.69,91.06,76.27,99.85683607730851
منوچهری,manuchehri,منوچهری,5,6,62327,قصاید و قطعات,شماره ۳۵ - در مدح خواجه احمد عبدالصمد وزیر سلطان مسعود,لاله رازی شکفته پیش برگ یاسمن,چون دهان بسدین در گوش سیمین گفته راز,73.34,78.97,92.66,25.32,98.1,88.43,69.27,90.29,75.92,99.82104509663566
منوچهری,manuchehri,منوچهری,5,7,62095,قصاید و قطعات,شماره ۲۸ - در مدح سلطان مسعود غزنوی,نوروز ماه گفت: به جان و سر امیر,کز جان دی برآرم تا چند گه دمار,99.11,73.41,97.55,58.35,98.05,0,77.89,96.6,75.67,99.78525411596277
منوچهری,manuchehri,منوچهری,5,8,61751,قصاید و قطعات,شماره ۱۴,می بر کف من نه که طرب را سبب اینست,آرام من و مونس من روز و شب اینست,73.7,24.59,83.29,93.3,75.55,82.78,91.19,89.57,74.89,99.7494631352899
منوچهری,manuchehri,منوچهری,5,9,63615,مسمطات,در وصف خزان و مدح سلطان مسعود غزنوی,دل غالیه فامست و رخش چون گل زردست,گوییکه شب دوش می و غالیه خوردست,96.94,75.92,87.48,83.43,72.83,0,74.78,96.25,74.43,99.71367215461704
منوچهری,manuchehri,منوچهری,5,10,62139,قصاید و قطعات,شماره ۲۸ - در مدح سلطان مسعود غزنوی,تا گنج او خراب شد و خیل او اسیر,تا روز او سیاه شد و جان او فگار,97.08,69.44,97.55,53.84,87.4,0,85.21,98.27,73.56,99.67788117394416
ناصرخسرو,naser-khosrow,ناصرخسرو,5,1,58627,قصاید,قصیده شماره ۱۹۷,از کین بت‌پرستان در هند و چین و ماچین,پر درد گشت جانت رخ زرد و روی پر چین,95.73,98.33,79,81.81,89.78,92.95,79.64,60.99,86.69,100
ناصرخسرو,naser-khosrow,ناصرخسرو,5,2,51849,قصاید,قصیده شماره ۲۷,جانت شش ماه پر ز مهر خزان است,شش مه ازان پس پر از نشاط بهار است,99.94,70.78,87.48,88.65,97.7,43.79,97,38,80.34,99.99066728884742
ناصرخسرو,naser-khosrow,ناصرخسرو,5,3,54251,قصاید,قصیده شماره ۹۸,از لشکر زنگیس رخ روز مقیر,وز لشکر رومیش شب تیره مقمر,96.77,84.15,86.67,69.17,87.12,33.24,80.01,86.59,78.79,99.98133457769482
ناصرخسرو,naser-khosrow,ناصرخسرو,5,4,59914,قصاید,قصیده شماره ۲۳۶,روز با روزه و با ناله و تسبیحی,شب با مطرب و با باده ریحانی,93.18,75.92,86.67,53.27,85.32,85.93,39.16,97.12,78.45,99.97200186654223
ناصرخسرو,naser-khosrow,ناصرخسرو,5,5,57269,قصاید,قصیده شماره ۱۷۰,بربود شب و روز رنگ و بویم,برکند مه و سال پر و بالم,95.84,97.79,86.67,61.29,87.85,33.24,60.64,84.14,77.77,99.96266915538963
ناصرخسرو,naser-khosrow,ناصرخسرو,5,6,59888,قصاید,قصیده شماره ۲۳۶,گشته چون برگ خزانی ز غم غربت,آن رخ روشن چون لاله نعمانی,95.49,92.24,99.54,21.5,94.82,61.55,38.57,96.7,76.63,99.95333644423705
ناصرخسرو,naser-khosrow,ناصرخسرو,5,7,51331,قصاید,قصیده شماره ۱۲,مر آتش سوزان را مر باد سبک را,مر آب روان را و مر این خاک گران را,98.6,69.44,89.44,87.73,79.66,33.24,98.45,29.18,76.03,99.94400373308446
ناصرخسرو,naser-khosrow,ناصرخسرو,5,8,53684,قصاید,قصیده شماره ۷۶,تو را زهر است خاک و دشمنی داری به معده در,که گر خاکش دهی ور نی همی کارت به جان آرد,97.93,95.34,85.38,45.78,85.24,39.71,77.69,64.36,75.7,99.93467102193188
ناصرخسرو,naser-khosrow,ناصرخسرو,5,9,59998,قصاید,قصیده شماره ۲۳۸,جان تو چون بفگند این جوشنت,باز دهد جوشنت این روشنی,99.03,86.35,97.93,57.61,86.71,0,81.17,88.43,75.66,99.92533831077928
ناصرخسرو,naser-khosrow,ناصرخسرو,5,10,54950,قصاید,قصیده شماره ۱۱۱,چو نسرین بخندد شود چشم گل,به خون سرخ چون چشم اسفندیار,85.38,99.3,96.52,51.92,31.3,67.28,83.1,85.36,75.36,99.91600559962669
هجویری,hojviri,هجویری,5,1,87512,باب آدابهم فی التزویج و التجرید,کشف الحجاب العاشر فی بیان منطقهم و حدود الفاظهم و حقایق معانیهم,اللوامع: اظهار نور بر دل با بقای فواید آن.,الطوالع: طلوع انوار معارف بر دل.,74.55,24.59,14.81,38,72.83,0,51.08,90.29,44.3,100
هجویری,hojviri,هجویری,5,2,87385,باب فی ذکر ایمتهم من اهل البیت,۳- ابوالحسن علی بن الحسین بن علی بن ابی طالب، رضی الله عنهم,کفر و قربهم منجی و معتصم,ان عد اهل التقی کانوا ایمتهم,46.89,0,36.72,58.34,97.89,0,51.82,77.99,43.88,98.9795918367347
هجویری,hojviri,هجویری,5,3,87516,باب آدابهم فی التزویج و التجرید,کشف الحجاب العاشر فی بیان منطقهم و حدود الفاظهم و حقایق معانیهم,الوارد: حلول معانی به دل.,الانتباه: زوال غفلت از دل.,54.81,0,0,86.98,27.71,0,94.28,66.53,38.23,97.95918367346938
هجویری,hojviri,هجویری,5,4,87446,باب فی فرق فرقهم و مذاهبهم و آیاتهم و مقاماتهم و حکایاتهم,الکلام فی الغیبه و الحضور,تقشع غیم الهجر عن قمر الحب,واسفر نور الصبح عن ظلمه العنب,27.88,0,0,65.34,84.13,0,76.46,69.69,35.95,94.89795918367348
هجویری,hojviri,هجویری,5,5,87375,باب فی ذکر ایمتهم من اهل البیت,۳- ابوالحسن علی بن الحسین بن علی بن ابی طالب، رضی الله عنهم,و فضل امته دانت له الامم,ینشق نور الدجی عن نور طلعته,52.19,0,0,47.63,71,0,70.46,69.21,35.76,93.87755102040816
هجویری,hojviri,هجویری,5,6,87462,باب التوبه و ما یتعلق بها,باب التوبه و ما یتعلق بها,حیاتک ذنب لایقاس به ذنب,چون وجود دوستی اندر حضرت دوستی جنایت بود وصفش را چه قیمت بود؟,40.4,0,57.7,5.61,22.3,89.18,5.47,64.48,35.11,92.85714285714286
هجویری,hojviri,هجویری,5,7,87545,باب مراتبهم فی السماع,فصل,الی الذی جاد بالصنیع,آن درویش بانگی بکرد و بیفتاد چون بشدم ورا یافتم مرده.,13.81,50.14,57.7,5.33,83.32,0,5.2,77.99,34.98,91.83673469387756
هجویری,hojviri,هجویری,5,8,87489,باب المشاهدات,باب المشاهدات,فاغض طرفی اذ نظرت الیکا,دوست را خود از دیده دریغ دارند؛ که دیده بیگانه باشد.,44.45,71.9,0,9.57,53.82,0,5.55,61.07,31.19,88.77551020408163
هجویری,hojviri,هجویری,5,9,87547,باب مراتبهم فی السماع,فصل,غیر ان لم یعلموا عشقی لمن,ما فی الانسان شیء حسن,0,0,0,40.38,77.18,72.64,25.54,47.51,29.48,86.73469387755102
هجویری,hojviri,هجویری,5,10,87469,باب المحبه و ما یتعلق بها,باب المحبه و ما یتعلق بها,القلب یحسد عینی لذه النظر,و العین تحسد قلبی لذه الفکر,0,0,0,67.74,68.82,0,73.61,34.61,26.4,83.6734693877551
انوری,anvari,انوری,6,1,175203,رباعیات,رباعی شماره ۳۳۰,ای مفخر آنکه ماه کردی به دو نیم,معصومان را از آتش و آب چه بیم,94.63,73.41,97.29,76.08,99.25,90.27,57.51,96.18,86.62,100
انوری,anvari,انوری,6,2,157378,غزلیات,غزل شماره ۹۳,درد تو صدهزار جان ارزد,گرد تو نور دیدگان ارزد,95.27,87.42,79,94.85,88.56,77.4,94.7,64.74,86.4,99.99240871479542
انوری,anvari,انوری,6,3,157457,غزلیات,غزل شماره ۱۰۴,حسن تو بر ماه لشکر می‌کشد,عشق تو بر عقل خنجر می‌کشد,84.63,84.15,94.87,97.3,99.42,88.82,94.7,28.26,86.34,99.98481742959083
انوری,anvari,انوری,6,4,158862,غزلیات,غزل شماره ۳۱۴,دوستا گر دوستی گر دشمنی,جان شیرین و جهان روشنی,98.62,99.16,97.29,75.18,99.03,99.27,59.45,12.27,85.31,99.97722614438625
انوری,anvari,انوری,6,5,157634,غزلیات,غزل شماره ۱۲۸,دل به عشقش رخ به خون تر می‌کند,جان ز جورش خاک بر سر می‌کند,99.62,75.92,85.38,94.63,97.14,94.59,87.55,13.85,84.88,99.96963485918165
انوری,anvari,انوری,6,6,175164,رباعیات,رباعی شماره ۳۱۱,بفروختمت سزد به جان باز خرم,ارزان بفروختم گران باز خرم,96.53,24.59,79,99.39,93.95,91.67,96.37,97.34,83.56,99.96204357397708
انوری,anvari,انوری,6,7,157242,غزلیات,غزل شماره ۷۳,به بیل عشق تو دل گل ندارد,که راه عشق تو منزل ندارد,95.49,81.39,79,95.23,90.2,89.7,97.86,10.75,83.25,99.95445228877249
انوری,anvari,انوری,6,8,175112,رباعیات,رباعی شماره ۲۸۵,دردا که فرو شد لب شادی را غم,پر گشت و نگون گشت پیمانه غم,90.79,24.59,95.44,86.79,93.19,98.14,92.1,85.32,82.45,99.9468610035679
انوری,anvari,انوری,6,9,175150,رباعیات,رباعی شماره ۳۰۴,در کوی غمت هزار منزل دارم,وز دست تو پای صبر در گل دارم,95.03,78.97,79,90.38,95.44,82.3,84.99,28.14,82.25,99.93926971836332
انوری,anvari,انوری,6,10,158086,غزلیات,غزل شماره ۱۹۳,در دست غم یار دلارام بماندم,هشیارترین مرغم و در دام بماندم,93.58,24.59,79,98.63,92.9,96.67,92.6,84.22,82.05,99.92788279055644
باباافضل کاشانی,baba-afzal-kashani,باباافضل کاشانی,6,1,270249,رباعیات,رباعی شماره ۹۷,تاریک شد از هجر دل افروزم، روز,شب نیز شد از آه جهان سوزم، روز,85.77,75.92,98.91,92.94,99.83,92.13,89.08,15.11,84.3,100
باباافضل کاشانی,baba-afzal-kashani,باباافضل کاشانی,6,2,270298,رباعیات,رباعی شماره ۱۲۲,تا ظن نبری کز آن جهان می ترسم,وز مردن و از کندن جان می ترسم,98.51,24.59,85.38,98.7,88.12,85.46,94.7,99.72,83.33,99.79508196721312
باباافضل کاشانی,baba-afzal-kashani,باباافضل کاشانی,6,3,270163,رباعیات,رباعی شماره ۵۴,در عشق تو جان بوالهوس می میرد,چون شعله ز انبوهی خس می میرد,98.96,24.59,97.93,96.31,89.45,56.08,94.36,99.72,81.44,99.59016393442623
باباافضل کاشانی,baba-afzal-kashani,باباافضل کاشانی,6,4,270475,غزلیات,غزل شماره ۶,در آب و گل که آورد، آیین جان نهادن؟,بر دوش جان نازک، بار گران نهادن؟,99.11,73.41,85.38,96.12,96.69,0,92.26,89.4,79.66,99.38524590163934
باباافضل کاشانی,baba-afzal-kashani,باباافضل کاشانی,6,5,270105,رباعیات,رباعی شماره ۲۴,سرتاسر آفاق جهان از گل ماست,منزلگه نور قدس کلی، دل ماست,93.58,84.15,79,91.64,98.53,0,91.87,96.82,79.43,99.18032786885246
باباافضل کاشانی,baba-afzal-kashani,باباافضل کاشانی,6,6,270274,رباعیات,رباعی شماره ۱۱۰,زین تابش آفتاب و تاریکی میغ,زین بیهده زندگانی مرگ آمیغ,94.48,86.35,79,81.59,96.31,0,90.54,97.9,78.21,98.97540983606558
باباافضل کاشانی,baba-afzal-kashani,باباافضل کاشانی,6,7,270250,رباعیات,رباعی شماره ۹۷,شد روشنی از روز و سیاهی ز شبم,اکنون نه شبم شب است، نه روزم روز,83.21,90.11,95.84,76.99,82.56,33.24,95.97,38.38,76.43,98.77049180327869
باباافضل کاشانی,baba-afzal-kashani,باباافضل کاشانی,6,8,270299,رباعیات,رباعی شماره ۱۲۲,چون مرگ حق است، من چرا ترسم از او,چون نیک نزیستم از آن می ترسم,90.04,24.59,99.54,41.87,89.08,85.46,92.34,97.71,75.6,98.5655737704918
باباافضل کاشانی,baba-afzal-kashani,باباافضل کاشانی,6,9,270292,رباعیات,رباعی شماره ۱۱۹,من مهر تو در میان جان ننهادم,تا مهر تو بر سر زبان ننهادم,95.03,24.59,79,99.83,87.28,88.43,98.77,11.22,75.47,98.36065573770492
باباافضل کاشانی,baba-afzal-kashani,باباافضل کاشانی,6,10,270371,رباعیات,رباعی شماره ۱۵۹,ای آن که شب و روز خدا می طلبی,کوری گرش از خویش جدا می طلبی,95.13,24.59,86.67,96.91,85.12,33.24,88.13,87.32,74.51,98.15573770491804
خاقانی,khaghani,خاقانی,6,1,144027,غزلیات,غزل شماره ۲۴۰,سوزی ز ساز عشقت در دل چرا نگیرم,رمزی ز راز مهرت در جان چرا ندارم,98.51,96.91,85.38,73.16,98.05,97.77,77.9,64.77,88.41,100
خاقانی,khaghani,خاقانی,6,2,145115,غزلیات,غزل شماره ۳۶۹,ناز جنگ‌آمیز جانان برنتابد هر دلی,ساز وصل و سوز هجران برنتابد هر دلی,91.55,97.79,79,97.58,96.76,56.08,94.93,85.97,87.7,99.99422732783006
خاقانی,khaghani,خاقانی,6,3,152042,قصاید,شماره ۱۷۶ - در شکایت و عزلت و حبس و تخلص به نعت پیغمبر اکرم,صبح‌دم چون کله بندد آه دود آسای من,چون شفق در خون نشیند چشم شب پیمای من,89.81,70.78,97.93,87.34,75.78,93.61,77.43,98.89,86.45,99.9884546556601
خاقانی,khaghani,خاقانی,6,4,155526,ترکیبات,شماره ۱ - در وعظ و حسن تخلص به نعت پیغمبر اکرم و تخلص به مدح ناصر الدین ابراهیم,به راه عاشقی شرط است راه عقل نارفتن,چو درد عشق پیش آید به صد جان پیشوا رفتن,95.71,96.11,99.63,84.96,99.9,99.32,48.35,25.68,86.35,99.98268198349017
خاقانی,khaghani,خاقانی,6,5,148775,قصاید,شماره ۹۸ - این قصیده را در مرثیه فرزند خویش امیر رشید الدین سروده و آن را ترنم المصایب گویند,خبر مرگ جگر گوشه من گوش کنید,شد جگر چشمه خون چشم عبر بگشایید,95.03,97.79,95.44,71.65,99.18,56.08,76.72,90.18,86.17,99.9769093113202
خاقانی,khaghani,خاقانی,6,6,153563,قصاید,شماره ۲۱۹ - در مرثیه وحید الدین شروانی,پای در گل چون گل پای آب غم پذرفتمی,خاک بر سر ، بر سر خاک اشک خون پالودمی,99.9,88.42,98.42,83.45,85.72,96.26,78.45,25.09,85.94,99.97113663915026
خاقانی,khaghani,خاقانی,6,7,155067,ترجیعات,شماره ۵ - در مدح خاقان کبیر جلال الدین ابو المظفر شروان شاه,سر چو آه عاشقان برکرد صبح,عطر آتش زای برکرد صبح,82.95,86.35,95.44,98.18,56.55,97.38,95.39,69.49,85.79,99.96536396698032
خاقانی,khaghani,خاقانی,6,8,155080,ترجیعات,شماره ۵ - در مدح خاقان کبیر جلال الدین ابو المظفر شروان شاه,جام چون گل عطر جان آمیخته,لعل با زر در دهان آمیخته,99.39,98.59,97.93,97.79,92.9,0,93.42,91.09,85,99.95959129481037
خاقانی,khaghani,خاقانی,6,9,148417,قصاید,شماره ۹۰ - در ستایش اتابک منصور فرمانروای شماخی و ابوالمظفر شروان شاه,مرا صبح دم شاهد جان نماید,دم عاشق و بوی پاکان نماید,93.58,84.15,95.44,97.41,93.66,67.28,97.82,22.84,84.59,99.95381862264043
خاقانی,khaghani,خاقانی,6,10,153860,رباعیات,رباعی شماره ۲۴,آب جگرم به آتش غم برخاست,سوز جگرم فزود تا صبر بکاست,88.96,84.15,94.87,81.27,99.89,98.81,79.34,22.56,84.45,99.94804595047047
خیام,khayyam,خیام,6,1,87781,رباعیات,رباعی شماره ۱۱۵,جامی است که عقل آفرین میزندش,صد بوسه ز مهر بر جبین میزندش,75.81,81.39,57.7,97.69,95.86,83.3,88.64,24.42,77.34,100
خیام,khayyam,خیام,6,2,87657,رباعیات,رباعی شماره ۵۳,چون عمر به سر رسد چه شیرین و چه تلخ,پیمانه چو پر شود چه بغداد و چه بلخ,73.7,88.42,99.63,63.87,79.73,80.12,50.33,68.89,77.25,99.8360655737705
خیام,khayyam,خیام,6,3,87615,رباعیات,رباعی شماره ۳۲,در پرده اسرار کسی را ره نیست,زین تعبیه جان هیچکس آگه نیست,92.59,24.59,79,90.31,98.24,61.55,88.29,85.72,76.91,99.672131147541
خیام,khayyam,خیام,6,4,87563,رباعیات,رباعی شماره ۶,ماییم و می و مطرب و این کنج خراب,جان و دل و جام و جامه پر درد شراب,99.08,68.43,85.38,77.48,90.08,40.66,50.3,86.71,76.86,99.50819672131146
خیام,khayyam,خیام,6,5,87601,رباعیات,رباعی شماره ۲۵,چون بلبل مست راه در بستان یافت,روی گل و جام باده را خندان یافت,99.62,75.92,98.75,93.77,56.99,0,88.7,85.9,76.32,99.34426229508196
خیام,khayyam,خیام,6,6,87832,رباعیات,رباعی شماره ۱۴۰,آن را باید به مرگ من شاد بدن,کز دست اجل تواند آزاد بدن,91.55,24.59,79,91.12,92.54,56.08,86.52,86.88,75.44,99.18032786885246
خیام,khayyam,خیام,6,7,87744,رباعیات,رباعی شماره ۹۶,جز باده لعل نیست در روی زمین,تلخی که هزار جان شیرین ارزد,99.66,92.24,98.18,19.86,99.94,38.95,43,96.49,75.2,99.01639344262296
خیام,khayyam,خیام,6,8,268046,راز آفرینش [ ۱۵-۱],رباعی ۱,هرچند که رنگ و روی زیباست مرا،,چون لاله رخ و چو سرو بالاست مرا،,82.48,90.72,96.52,93.24,49.26,0,90.5,85.09,74.07,98.85245901639344
خیام,khayyam,خیام,6,9,87768,رباعیات,رباعی شماره ۱۰۸,سوزنده چو آتش است لیکن غم را,سازنده چو آب زندگانی است بخور,83.87,24.59,99.92,41.14,99.88,87.44,75.12,85.14,73.59,98.68852459016394
خیام,khayyam,خیام,6,10,87564,رباعیات,رباعی شماره ۶,فارغ ز امید رحمت و بیم عذاب,آزاد ز خاک و باد و از آتش و آب,99.75,24.59,98.69,43.22,99.81,97.18,15.53,90.95,73.42,98.52459016393442
سنایی,sanai,سنایی,6,1,254923,طریق التحقیق,فی الشکایه,اشک چون لعل‌گشت در چشمم,روز چول شب شدست بر چشمم,97.4,93.62,98.18,92.58,84.65,89.07,93.01,84.34,92.38,100
سنایی,sanai,سنایی,6,2,141639,رباعیات,رباعی شماره ۲۴۶,چشمی دارم ز اشک پیمانه عشق,جانی دارم ز سوز پروانه عشق,99.92,98.59,87.48,95.46,93.66,99.16,97.82,38.32,91.43,99.99612493218632
سنایی,sanai,سنایی,6,3,141978,رباعیات,رباعی شماره ۴۱۶,در دیده عهد دوستان دود شوی,زینگونه به کام دشمنان زود شوی,95.13,84.15,86.67,92.75,87.12,98.81,90.92,86.89,90.56,99.99224986437262
سنایی,sanai,سنایی,6,4,260523,الباب الخامس فی فضیله العلم، ذکر العلم اربح لان فضله ارجح,فصل فی ذکرالعشق و فضیلته و صفه‌العشق والعاشق والمعشوق ذکرالعشق یریح القلوب و یزیل الکروب,آب آتش فروز عشق آمد,آتش آب سوز عشق آمد,97.72,87.42,94.87,100,99.63,95.54,99.77,7.3,89.1,99.98837479655894
سنایی,sanai,سنایی,6,5,141641,رباعیات,رباعی شماره ۲۴۷,خورشید سما بسوزد از سایه عشق,پس چون شده‌ای دلا تو همسایه عشق,75.81,92.24,92.66,95.21,92.77,89.7,89.32,89.57,89.07,99.98449972874526
سنایی,sanai,سنایی,6,6,264142,الباب الثامن ذکرالسطان یستنزل‌الامان,فی صفه سهمه و اقباله,هیبت شاه راحت کل راست,گریه ابر خنده گل راست,83.8,87.42,83.29,92.16,87.5,99.27,92.14,84.17,88.4,99.98062466093157
سنایی,sanai,سنایی,6,7,260614,الباب الخامس فی فضیله العلم، ذکر العلم اربح لان فضله ارجح,فی صفه‌العشق,مرد تاریک جان و روشن روی,گردد از تف عشق جوشن روی,99.73,92.94,85.38,92.02,91.47,67.28,81.21,86.01,88.23,99.97674959311787
سنایی,sanai,سنایی,6,8,256933,الباب الاول: در توحید باری تعالی,التمثل فی‌الرویاء و تعبیره و هو ثمانون رویا عجیبه,آتش تیز تاب خشم بود,چشمه آب نور چشم بود,99.82,87.42,89.44,89.99,85.2,90.24,82.03,61.97,87.9,99.97287452530419
سنایی,sanai,سنایی,6,9,131800,غزلیات,غزل شماره ۳۵,ماه شب گمرهان عارض زیبای تست,سرو دل عاشقان قامت رعنای تست,99.06,84.15,86.86,90.73,84.13,67.28,90.56,97.28,87.67,99.9689994574905
سنایی,sanai,سنایی,6,10,132490,غزلیات,غزل شماره ۱۱۹,در مهر ماه زهدم و دینم خراب شد,ایمان و کفر من همه رود و شراب شد,98.29,70.78,97.55,89.03,93.51,75.7,77.16,90.69,87.46,99.96512438967682
عبدالواسع جبلی,abd-al-vase-jabali,عبدالواسع جبلی,6,1,175506,قصاید,مدح اثیرالدین امین‌الملک زین‌الدوله ابومنصور نصر بن علی,چو مه زانگشت پیغمبر حجر بشکافد از بیمش,اگر دور از تو گاه خشم چشم اندر حجر بندد,66.5,69.44,92.66,39.37,93.64,93.26,71.38,90.52,75.56,100
عبدالواسع جبلی,abd-al-vase-jabali,عبدالواسع جبلی,6,2,175684,قصاید,مدح معزالدین سلطان ابوالحارث سنجر سلجوقی,زهی جمشید داد و دین زهی خورشید تحت دین,زهی مولای انس و جان زهی دارای بحر و بر,96.8,68.43,85.38,68.73,88.14,0,96.67,99.61,74.86,99.67845659163987
عبدالواسع جبلی,abd-al-vase-jabali,عبدالواسع جبلی,6,3,175711,قصاید,مدح معزالدین سلطان ابوالحارث سنجر سلجوقی,شکوفه بر سر شاخ است چون رخساره جانان,بنفشه بر لب جوی است چون جراره دلبر,99.11,24.59,99.74,46.66,98.05,46.91,77.52,96.69,73.11,99.35691318327974
عبدالواسع جبلی,abd-al-vase-jabali,عبدالواسع جبلی,6,4,175499,قصاید,مدح اثیرالدین امین‌الملک زین‌الدوله ابومنصور نصر بن علی,شود چون شکر از آب و چو مشک از آتش آن کاو دل,در آن زنجیر پر مشک و عقیق پر شکر بندد,99.41,98.72,99.91,49.78,16.13,33.24,83.3,71.69,70.99,99.03536977491962
عبدالواسع جبلی,abd-al-vase-jabali,عبدالواسع جبلی,6,5,175535,قصاید,مدح - چنان که باد همی تخت جم کشید,بر ماه روشن از شب تاری علم کشید,وز مشک سوده بر گل سوری رقم کشید,90.79,99.59,27.66,90.67,77.44,0,90.56,90.83,70.66,98.71382636655949
عبدالواسع جبلی,abd-al-vase-jabali,عبدالواسع جبلی,6,6,175642,قصاید,قصیده در مدح معزالدین و الدنیا ابوالحارث سنجر بن ملکشاه و میرمیران قطب‌الدین,چو فعل شمس در گردون چو صنع ابر در بستان,چو لطف نور در دیده چو گون روح در پیکر,96.65,68.07,100,26.06,89.26,0,84.54,99.64,70.02,98.39228295819936
عبدالواسع جبلی,abd-al-vase-jabali,عبدالواسع جبلی,6,7,175682,قصاید,قصیده در مدح معزالدین و الدنیا ابوالحارث سنجر بن ملکشاه و میرمیران قطب‌الدین,ز شادی باد پیوسته رخ تو سرخ چون لاله,ز دولت باد همواره سر تو سبز چون عرعر,57.39,92.94,96.52,48.09,55.06,41.78,92.98,87.28,69.63,98.07073954983923
عبدالواسع جبلی,abd-al-vase-jabali,عبدالواسع جبلی,6,8,175593,قصاید,تهنیت فتح عراق و مدح سلطان سنجر,چون فلک در دور و از گردش فلک را رخ سیاه,چون سمک در آب و از گامش سمک را تن فکار,96.22,86.35,98.42,57.58,5.65,0,91.36,91.47,66.55,96.78456591639872
عبدالواسع جبلی,abd-al-vase-jabali,عبدالواسع جبلی,6,9,254700,قصاید,مدیحه,تو سال و مه از غنج خرامنده چو کبکی,من روز و شب از رنج خروشنده چو بلبل,91.33,24.59,99.77,31.13,85.23,33.24,66.67,98.89,65.67,96.46302250803859
عبدالواسع جبلی,abd-al-vase-jabali,عبدالواسع جبلی,6,10,254697,قصاید,مدیحه,ای عارض تو چون گل و زلف تو چو سنبل,من شیفته و فتنه بر آن سنبل و آن گل,74.55,87.42,96.52,78.93,5.99,0,95.51,86.91,65.53,96.14147909967846
عطار,attar,عطار,6,1,188806,خسرونامه,زاری هرمز در عشق گل پیش دایه,ز سوز عشق سروش سرنگون گشت,بروی او روانه جوی خون گشت,98.73,84.15,85.38,92.27,96.15,96.67,92.14,96.39,92.64,100
عطار,attar,عطار,6,2,246549,بخش سی و هشتم,الحکایه و التمثیل,دیده پرخون راه میبرید سخت,بادلی پر بیم میترسید سخت,95.27,99.78,79,91.16,96.74,91.45,91.72,97.12,92.63,99.99894999895001
عطار,attar,عطار,6,3,128369,جواب هدهد,حکایت شیخ سمعان,گاه چون ابر اشک خونین برفشاند,گاه از جان جان شیرین برفشاند,97.56,84.15,96.52,99.73,89.94,84.65,99.89,84.13,92.49,99.99789999789999
عطار,attar,عطار,6,4,242697,بخش دوازدهم,الحکایه و التمثیل,عاشقی آتش فشانش اوفتاد,شور در دریای جانش اوفتاد,99.52,88.72,97.55,97.6,88.73,81.2,88.61,87.51,92.14,99.99684999685
عطار,attar,عطار,6,5,246656,بخش سی و نهم,الحکایه و التمثیل,عاشق جانسوز خواهد سوز عشق,روز محشر شب شود در روز عشق,96.21,84.15,99.47,92.26,99.74,97.95,89.92,58.39,91.53,99.9957999958
عطار,attar,عطار,6,6,197049,باب بیست و ششم: در صفت گریستن,شماره ۲۷,تن خاک نشین چشم یار آمده گیر,جان بسته بند انتظار آمده گیر,99.88,81.39,87.48,97.61,99.63,95.89,94.96,58.16,91,99.994224994225
عطار,attar,عطار,6,7,193358,خسرونامه,آگاهی یافتن خسرو از گل,چو شمعش آتشی بر فرق میشد,ز آب چشم در خون غرق میشد,99.45,81.39,98.69,93.38,85.8,87.44,90.83,84.46,91,99.994224994225
عطار,attar,عطار,6,8,188465,خسرونامه,پاسخ دادن هرمز دایه را,ز اشک آتشین مژگانش میسوخت,ز درد ناامیدی جانش میسوخت,95.27,87.42,79,99.08,88.56,92.42,99,86.04,90.84,99.99264999265
عطار,attar,عطار,6,9,241767,بخش ششم,الحکایه و التمثیل,هیبتی در جان شاه افتاد ازو,سخت شوری در سپاه افتاد ازو,95.96,98.59,79,99.74,93.66,84.65,97.82,59.68,90.1,99.99159999159998
عطار,attar,عطار,6,10,198923,باب چهل و هفتم: در معانیی که تعلق به شمع دارد,شماره ۶۸,از دل غم دلفروز میباید دید,وز جان چو چراغ سوز میباید دید,99.21,81.39,97.93,99.43,93.59,61.55,96.26,84.59,89.97,99.99054999055
مهستی گنجوی,mahasti-ganjavi,مهستی گنجوی,6,1,267703,رباعیات,رباعی شماره ۲۰,دریای سرشک دیده پر نم ماست,وان بار که کوه برنتابد غم ماست,92.59,81.39,79,89.72,99.4,61.55,85.63,84.54,84.61,100
مهستی گنجوی,mahasti-ganjavi,مهستی گنجوی,6,2,267896,رباعیات,رباعی شماره ۱۱۷,زین سان که فتاد هجر در راه ای دل,ترسم که نبری جان ز غمش آه ای دل,94.6,24.59,96.52,90.53,93.64,96.67,89.97,87.01,83.65,99.73333333333333
مهستی گنجوی,mahasti-ganjavi,مهستی گنجوی,6,3,267828,رباعیات,رباعی شماره ۸۳,در دل همه شرک روی بر خاک چه سود؟,زهری که به جان رسید تریاک چه سود؟,98.94,70.78,85.38,95.16,91.09,39.33,89.05,88.49,82.85,99.46666666666667
مهستی گنجوی,mahasti-ganjavi,مهستی گنجوی,6,4,267770,رباعیات,رباعی شماره ۵۴,جان در ره عاشقی خطر باید کرد,آسوده دلی زیر و زبر باید کرد,91.55,78.97,79,97.64,95.44,56.08,92.14,58.77,82.52,99.2
مهستی گنجوی,mahasti-ganjavi,مهستی گنجوی,6,5,267675,رباعیات,رباعی شماره ۶,لاله چو پریر آتش شور انگیخت,دی نرگس آب شرم از دیده بریخت,99.45,98.21,98.69,73.46,90.52,33.24,43,98.34,81.91,98.93333333333332
مهستی گنجوی,mahasti-ganjavi,مهستی گنجوی,6,6,267792,رباعیات,رباعی شماره ۶۵,این اشک عقیق رنگ من چون بچکد,آب از دل سنگ و چشم گردون بچکد,94.8,90.72,85.38,92.78,64.94,51.09,90.39,26.61,77.99,98.66666666666667
مهستی گنجوی,mahasti-ganjavi,مهستی گنجوی,6,7,267892,رباعیات,رباعی شماره ۱۱۵,تا کی ز غم تو رخ به خون شوید دل,و آزرم وصال تو به جان جوید دل,88.64,69.44,57.7,89.82,91.67,99.44,86.19,19.2,77.69,98.4
مهستی گنجوی,mahasti-ganjavi,مهستی گنجوی,6,8,267806,رباعیات,رباعی شماره ۷۲,شهری زن و مرد در رخت می‌نگرند,وز سوز غم عشق تو جان در خطرند,90.79,75.92,79,74.83,96.54,94.59,49.68,16.09,76.7,98.13333333333333
مهستی گنجوی,mahasti-ganjavi,مهستی گنجوی,6,9,267808,رباعیات,رباعی شماره ۷۳,شاهان چو به روز بزم ساغر گیرند,بر باد سماع و چنگ چاکر گیرند,63.01,78.97,79,93.36,65.21,56.08,91.37,84.09,75.12,97.86666666666667
مهستی گنجوی,mahasti-ganjavi,مهستی گنجوی,6,10,267798,رباعیات,رباعی شماره ۶۸,تا از تف آب چرخ افراشته‌اند,غم در دل من چو آتش انباشته‌اند,95.75,24.59,99.63,86.96,99.75,87.44,34.44,9.89,72.81,97.6
نصرالله منشی,nasrallah-monshi,نصرالله منشی,6,1,255845,باب الملک و البراهمه,بخش ۷,گر خصم تو آتش است من آب شوم,ور مرغ شود حلقه مضراب شوم,93.88,24.59,86.67,88.16,86.77,33.24,85.41,37.39,69.04,100
نصرالله منشی,nasrallah-monshi,نصرالله منشی,6,2,255795,باب الملک والطایر فنزه,بخش ۳,گشت بدرش جو ماه نو بایک,شد جهان پیش پیرزن تاریک,79.62,93.62,90.15,61.06,94.57,0,41.06,70.1,68.85,99.38271604938271
نصرالله منشی,nasrallah-monshi,نصرالله منشی,6,3,255851,باب الملک و البراهمه,بخش ۱۳,هرکجا فریاد خیزد مقصد فریاد باش,سایه بر مظلوم گستر آفتاب داد باش,65.17,99.45,14.81,91.49,77.52,0,91.23,88.31,64.2,98.76543209876543
نصرالله منشی,nasrallah-monshi,نصرالله منشی,6,4,255822,باب النابل و اللبوه,بخش ۳,چند از این باد خاک و آتش و آب,وز دی و تیر وز تموز و بهار؟,97.94,24.59,89.44,23.13,85.24,33.24,45.54,90.44,61.93,98.14814814814815
نصرالله منشی,nasrallah-monshi,نصرالله منشی,6,5,255733,باب الفحص عن امر دمنه,بخش ۸,نیست ممکن که پیرهن بدرم,گشت لاله ز خون دیده رخم,82.95,86.35,14.81,39.05,59.73,72.64,41.06,90.74,60.99,97.53086419753086
نصرالله منشی,nasrallah-monshi,نصرالله منشی,6,6,255838,باب الملک و البراهمه,بخش ۴,هامون گذار کوه وش، دل برتحمل کرده خوش,تا روز هر شب بارکش، هر روز تا شب خارکن,82.01,24.59,83.29,43.51,84.7,33.24,69.46,59.16,60.4,96.91358024691358
نصرالله منشی,nasrallah-monshi,نصرالله منشی,6,7,255699,باب الاسد و الثور,بخش ۱۸,از هر برجی جدا بتابد ماهی,ور لطف تو در زمین بیابد راهی,89.38,81.39,27.66,77.45,61.37,0,33.95,96.78,60.02,96.29629629629629
نصرالله منشی,nasrallah-monshi,نصرالله منشی,6,8,255786,باب السنور و الجرذ,بخش ۲ - حکایت گربه و موش,اگر یگانه شوی با تو دل یگانه کنم,زعشق و مهر دگر دلبران کرانه کنم,61,24.59,14.81,94.92,55.01,87.06,93.65,67.06,59.69,95.67901234567901
نصرالله منشی,nasrallah-monshi,نصرالله منشی,6,9,255715,باب الاسد و الثور,بخش ۲۶,چنان از سخن در دلت دار راز,که گر دل بجوید نیابدش باز,75.81,24.59,57.7,70.46,92.09,61.55,42.26,25.01,58.85,95.06172839506173
نصرالله منشی,nasrallah-monshi,نصرالله منشی,6,10,255755,باب البوم و الغراب,بخش ۳,از خواب گران فتنه سبک برنکد سر,تا دیده حزم تو بود روشن و بیدار,61,90.72,74.12,45.29,69.89,0,47.2,36.5,55.48,94.44444444444444
نظامی,nezami,نظامی,6,1,93569,خسرو و شیرین,بخش ۱۱۲ - کشتن شیرویه خسرو را,چه گویی کز غم گل خون نریزد,چو گل ریزد گلابی چون نریزد,83.34,92.24,99.08,98.65,90.2,97.91,97.97,59.41,90.76,100
نظامی,nezami,نظامی,6,2,115080,مخزن الاسرار,بخش ۴۳ - داستان دو حکیم متنازع,دشمن از آن گل که فسونخوان بداد,ترس بر او چیره شد و جان بداد,90.79,75.92,95.44,93.74,88.78,94.59,91.07,97,90.51,99.99636535455966
نظامی,nezami,نظامی,6,3,103341,شرف نامه,بخش ۷ - در شرف این نامه بر دیگر نامه‌ها,چو دریا شوم دشمنی عیب شوی,نه چون آینه دوستی عیب گوی,95.13,84.15,99.77,80.13,85.81,98.81,83.49,84.17,89.66,99.99273070911933
نظامی,nezami,نظامی,6,4,115397,مخزن الاسرار,بخش ۵۲ - مقالت هفدهم در پرستش و تجرید,گریه پر مصلحت دیده نیست,خنده بسیار پسندیده نیست,84.71,88.72,83.29,97.22,86.08,99.65,89.11,89.57,89.52,99.98909606367899
نظامی,nezami,نظامی,6,5,88472,خسرو و شیرین,بخش ۱۳ - عذر انگیزی در نظم کتاب,چو صبح آن روشنان از گریه رستند,که برق خنده را بر لب ببستند,95.84,78.97,98.18,82.79,85.48,98.32,53.86,98.13,87.86,99.98546141823866
نظامی,nezami,نظامی,6,6,102549,هفت پیکر,بخش ۳۵ - شکایت کردن هفت مظلوم,مهرش از ماه روشنی برده,روز چون شب برابرش مرده,99.11,94.71,98.18,81.62,85.2,90.24,66.67,60.84,87.52,99.98182677279831
نظامی,nezami,نظامی,6,7,114128,مخزن الاسرار,بخش ۱۷ - ثمره خلوت اول,دل که به شادی غم دل می‌گرفت,چشمه خورشید به گل می‌گرفت,99.39,92.94,85.38,98.2,87.81,96.67,90.53,12.65,87,99.97819212735799
نظامی,nezami,نظامی,6,8,112821,خردنامه,بخش ۳۷ - بازگشتن اسکندر از حد شمال به عزم روم,شکر خنده شمعی که جان می‌نواخت,چو شمع و شکر ز آب و آتش گداخت,99.91,90.72,99.83,84.03,99.77,85.93,82.71,12.83,86.35,99.97455748191764
نظامی,nezami,نظامی,6,9,88814,خسرو و شیرین,بخش ۲۲ - نمودن شاپور صورت خسرو را بار سوم,بساطی سبز چون جان خردمند,هوایی معتدل چون مهر فرزند,95.27,87.42,99.54,67.54,90.42,77.4,60.64,97.86,85.6,99.9709228364773
نظامی,nezami,نظامی,6,10,103493,شرف نامه,بخش ۸ - تعلیم خضر در گفتن داستان,دل دوستان را بدو نور باد,وزو دیده دشمنان دور باد,97.4,86.35,86.67,93.82,85.79,99.06,89.42,16.04,85.51,99.96728819103696
خواجوی کرمانی,khwaju-kermani,خواجوی کرمانی,7,1,346829,غزلیات,غزل شماره ۶۵,صبح کز چشم فلک اشک ثریا می‌ریخت,مهر دل آب رخم ز آتش سودا می‌ریخت,99.96,75.92,94.66,96.9,93.24,97.85,86.88,70.37,90.95,100
خواجوی کرمانی,khwaju-kermani,خواجوی کرمانی,7,2,351255,غزلیات,غزل شماره ۵۳۶,در راه مهر نیست بجز سایه همنشین,در کوی عشق نیست بجز ناله همنفس,95.03,97.79,79,57.39,98.51,98.55,97.46,90.2,88.55,99.9886608459009
خواجوی کرمانی,khwaju-kermani,خواجوی کرمانی,7,3,353926,غزلیات,غزل شماره ۸۱۴,زهی ربوده خیال تو خوابم از دیده,گشوده آتش مهر تو آبم از دیده,95.03,91.62,79,97.48,95.44,56.08,91.05,97.03,87.87,99.97732169180179
خواجوی کرمانی,khwaju-kermani,خواجوی کرمانی,7,4,353763,غزلیات,غزل شماره ۷۹۷,ای دلم جان و جهان در راه جانان باخته,نرد درد عشق برامید درمان باخته,95.96,75.92,79,95.16,96.36,94.59,84.35,64.13,87.08,99.96598253770269
خواجوی کرمانی,khwaju-kermani,خواجوی کرمانی,7,5,348609,غزلیات,غزل شماره ۲۵۶,ز جام عشق تو عقلم خراب می‌گردد,ز تاب مهر تو جانم کباب می‌گردد,99.13,24.59,98.18,98.33,99.87,92.59,98.6,86.05,86.66,99.95464338360358
خواجوی کرمانی,khwaju-kermani,خواجوی کرمانی,7,6,348935,غزلیات,غزل شماره ۲۹۰,سوز غم تو آتشم از جان بر آورد,مهر تو دودم از دل بریان بر آورد,99.5,73.41,85.38,98.24,93.26,94.04,91.44,24.6,85.65,99.94330422950448
خواجوی کرمانی,khwaju-kermani,خواجوی کرمانی,7,7,350385,غزلیات,غزل شماره ۴۴۶,سحر چو بوی گل از طرف مرغزار برآید,نوای زیر و بم از جان مرغ زار برآید,99.35,96.55,98.42,97.7,98.2,0,87.26,97.87,85.45,99.93196507540537
خواجوی کرمانی,khwaju-kermani,خواجوی کرمانی,7,8,352149,غزلیات,غزل شماره ۶۲۸,روح پاکست چشم عیسی جام,خون لعلست اشک مریم خم,99.73,87.42,85.38,49.37,98.17,98.14,59.11,97.38,85.13,99.92062592130627
خواجوی کرمانی,khwaju-kermani,خواجوی کرمانی,7,9,349690,غزلیات,غزل شماره ۳۷۰,خاکیان با گریه ما خنده بر دریا زنند,و آب روشن دمبدم از چشمهای ما برند,95.13,90.11,86.67,65.43,86.82,97.68,58.34,86.69,84.78,99.90928676720716
خواجوی کرمانی,khwaju-kermani,خواجوی کرمانی,7,10,354338,غزلیات,غزل شماره ۸۵۸,میا در قلب عشق ایدل که بازی نیست جانبازی,مکن بر جان خویش آخر ز راه کین کمین سازی,96.8,68.43,85.38,72.94,98.14,92.95,50.48,99.49,84.1,99.89794761310806
سعدی,saadi,سعدی,7,1,343313,غزلیات,غزل ۴۵,ما امید از طاعت و چشم از ثواب افکنده‌ایم,سایه سیمرغ همت بر خراب افکنده‌ایم,90.79,90.72,79,96.52,94.07,51.09,80.54,96.98,85.24,100
سعدی,saadi,سعدی,7,2,345256,رباعیات,رباعی شماره ۸,ماهی امید عمرم از شست برفت,بیفایده عمرم چو شب مست برفت,77.57,84.15,98.83,96.01,93.66,67.28,97.68,62.19,85.12,99.99351407445842
سعدی,saadi,سعدی,7,3,334995,غزلیات,غزل ۲۷۷,چشم عاشق نتوان دوخت که معشوق نبیند,پای بلبل نتوان بست که بر گل نسراید,96.94,90.72,86.86,63.49,79.79,87.06,74.02,96.35,84.85,99.98702814891685
سعدی,saadi,سعدی,7,4,336921,غزلیات,غزل ۴۶۸,دوستان هرگز نگردانند روی از مهر دوست,نی معاذالله قیاس دوست از دشمن مکن,93.88,78.97,86.67,52.98,88.8,99.64,78.75,97.68,84.23,99.98054222337528
سعدی,saadi,سعدی,7,5,334099,غزلیات,غزل ۱۸۶,بگذشت و باز آتش در خرمن سکون زد,دریای آتشینم در دیده موج خون زد,98.9,97.31,31.41,88.32,79.79,94.59,87.53,86.04,83,99.9740562978337
سعدی,saadi,سعدی,7,6,333363,غزلیات,غزل ۱۰۶,شادی به روزگار گدایان کوی دوست,بر خاک ره نشسته به امید روی دوست,98.96,24.59,85.38,92.07,95.44,88.43,85.49,91.1,82.29,99.96757037229213
سعدی,saadi,سعدی,7,7,340543,باب سوم در عشق و مستی و شور,حکایت در معنی تحمل محب صادق,دلش خون شد و راز در دل بماند,ولی پایش از گریه در گل بماند,81.22,75.92,90.15,93.33,92.29,99.63,91.28,8.13,81.92,99.96108444675055
سعدی,saadi,سعدی,7,8,345721,قطعات,قطعه شماره ۱,اگر چه صبر من از روی دوست ممکن نیست,همی کنم به ضرورت چو صبر ماهی از آب,88.64,69.44,96.52,49.49,87.52,89.18,83.13,97.04,81.74,99.95459852120898
سعدی,saadi,سعدی,7,9,338627,رباعیات,رباعی شماره ۱۹,آن سست وفا که یار دل سخت منست,شمع دگران و آتش رخت منست,91.55,78.97,79,91.41,98.1,82.3,83.58,22.4,81.52,99.94162667012583
سعدی,saadi,سعدی,7,10,337563,غزلیات,غزل ۵۳۵,چرا دردت نچیند جان سعدی,که هم دردی و هم درمان دردی,77.57,97.11,57.7,83.99,87.18,94.91,87.57,64.23,81.39,99.93514074458425
سیف فرغانی,seyf-farghani,سیف فرغانی,7,1,361315,غزلها,غزل شماره ۵۴,ای رخ خوب تو آفتاب جهان سوز,عشق تو چون آتش و فراق تو جان سوز,99.5,99.04,97.93,89.69,93.26,94.04,85.03,25.21,89.34,100
سیف فرغانی,seyf-farghani,سیف فرغانی,7,2,361547,غزلها,غزل شماره ۷۶,از عشق دل افروزم، چون شمع همی سوزم,چون شمع همی سوزم، از عشق دل افروزم,95.59,73.41,99.54,85.37,89.07,85.46,97.54,38.67,85.21,99.96367598982928
سیف فرغانی,seyf-farghani,سیف فرغانی,7,3,362597,قصاید و قطعات,شماره ۲۵,می‌نهد در دل فرهاد چو مهر شیرین,خسرو عشق تو در مخزن جانم اسرار,98.96,78.97,97.93,39.29,96.94,98.55,63.18,88.63,83.68,99.92735197965855
سیف فرغانی,seyf-farghani,سیف فرغانی,7,4,363180,قصاید و قطعات,شماره ۴۸,منم یارا بدین سان اوفتاده,دلم را سوز در جان اوفتاده,94.48,86.35,96.52,97.98,88.68,0,90.74,97.3,82.01,99.89102796948784
سیف فرغانی,seyf-farghani,سیف فرغانی,7,5,362639,قصاید و قطعات,شماره ۲۷,تن تو دشمن جان است، دوستش مشمار,که تن پرست کند در نجات جان تقصیر,94.09,24.59,94.87,71.72,99.88,97.85,87.28,88.05,81.46,99.8547039593171
سیف فرغانی,seyf-farghani,سیف فرغانی,7,6,362933,قصاید و قطعات,شماره ۳۸,ز سوز عشق تو لب چون چراغ می‌سوزد,مرا کز آتش آه است چون شرر دندان,95.59,73.41,99.54,29.23,95.59,94.04,63.5,84.25,80.09,99.81837994914639
سیف فرغانی,seyf-farghani,سیف فرغانی,7,7,361230,غزلها,غزل شماره ۴۷,به آب چشم برین خاک در نهال امید,بسی نشاندم و بسیار برنمی‌آید,98.45,81.39,85.38,60.06,97.57,90.07,10.35,88.81,79.93,99.78205593897567
سیف فرغانی,seyf-farghani,سیف فرغانی,7,8,361500,غزلها,غزل شماره ۷۲,چو روی تو گل رنگین ندیدم,تو را چون گل وفا آیین ندیدم,83.34,92.24,99.08,98.48,86.1,0,99.09,70.32,79.46,99.74573192880494
سیف فرغانی,seyf-farghani,سیف فرغانی,7,9,361443,غزلها,غزل شماره ۶۶,ز سوز عشق رخ زرد و اشک رنگینم,بسان آبی تر دان و ناردانی خشک,90.79,99.16,79,20.61,99.32,94.59,49.68,97.25,79.19,99.70940791863421
سیف فرغانی,seyf-farghani,سیف فرغانی,7,10,361111,غزلها,غزل شماره ۳۷,ماهی اگر چه مه را بر روی گل نروید,جانی اگر چه جان را صورت چنین نباشد,99.64,89.56,85.38,64.92,85.74,36.72,70.36,85.49,78.68,99.67308390846348
عراقی,iraqi,عراقی,7,1,355238,غزلیات,غزل شماره ۲۰,ناگه از میکده فغان برخاست,ناله از جان عاشقان برخاست,95.27,87.42,79,98.58,88.56,98.14,94.7,88.63,91.32,100
عراقی,iraqi,عراقی,7,2,355881,غزلیات,غزل شماره ۸۷,گر نظر کردم به روی ماه رخساری چه شد؟,ور شدم مست از شراب عشق یکباری چه شد؟,88.64,69.44,95.44,96.81,92.41,87.33,93.07,86.41,88.52,99.98233527645293
عراقی,iraqi,عراقی,7,3,359189,ترجیعات,شماره ۲ (که همه اوست هر چه هست یقین - جان و جانان و دلبر و دل و دین),ای به تو روز و شب جهان روشن,بی‌رخت چشم عاشقان روشن,97.72,97.11,99.47,91.85,99.42,88.82,75.52,15.12,87.81,99.96467055290584
عراقی,iraqi,عراقی,7,4,356140,غزلیات,غزل شماره ۱۱۴,صبا وقت سحر گویی ز کوی یار می‌آید,که بوی او شفای جان هر بیمار می‌آید,97.56,73.41,85.38,97.32,98.15,46.91,91.21,98.3,85.98,99.94700582935877
عراقی,iraqi,عراقی,7,5,357211,غزلیات,غزل شماره ۲۲۷,ای دل و جان عاشقان شیفته لقای تو,سرمه چشم خسروان خاک در سرای تو,99.89,75.92,98.27,87.42,96.54,51.09,76.82,88.5,85.55,99.9293411058117
عراقی,iraqi,عراقی,7,6,360166,فصل سوم و چهارم,حکایت,گاه جان زنده شد، حیاتش عشق,گاه شد چون زمین، نباتش عشق,93.58,24.59,96.52,95.39,95.4,90.81,99.77,89.72,84.66,99.91167638226462
عراقی,iraqi,عراقی,7,7,356964,غزلیات,غزل شماره ۱۹۸,نعره ز جان زنیم، همه روز تا به شب,ناله ز درد دل همه شب تا سحر کنیم,99.45,96.11,98.18,51.2,99.84,94.95,87.09,14.93,83.81,99.89401165871755
عراقی,iraqi,عراقی,7,8,355292,غزلیات,غزل شماره ۲۵,دل، چو در دام عشق منظور است,دیده را جرم نیست، معذور است,75.81,81.39,92.66,91.25,95.86,61.55,88.64,85.83,83.63,99.87634693517047
عراقی,iraqi,عراقی,7,9,356163,غزلیات,غزل شماره ۱۱۷,مرا درد تو درمان می‌نماید,غم تو مرهم جان می‌نماید,81.22,87.42,57.7,99.46,86.35,92.42,95.78,65.25,83.2,99.85868221162339
عراقی,iraqi,عراقی,7,10,360268,فصل پنجم,مثنوی,تاب وصلش نداشت آن پر درد,جان بداد و وداع جانان کرد,97.56,84.15,79,77.21,89.71,67.28,72.25,89.03,82.95,99.84101748807632
مولوی,rumi,مولوی,7,1,312062,دفتر دوم,بخش ۲۶ - فرمودن والی آن مرد را کی این خاربن را کی نشانده‌ای بر سر راه بر کن,چون ترا غم شادی افزودن گرفت,روضه جانت گل و سوسن گرفت,93.58,84.15,96.52,92.07,92.9,96.67,92.5,87.31,92.16,100
مولوی,rumi,مولوی,7,2,289434,غزلیات,غزل شماره ۱۸۰۹,بر گرد گل می گشت دی نقش خیال یار من,گفتم درآ پرنور کن از شمع رخ اسرار من,96.8,88.42,97.55,88.1,96.68,92.95,78.31,85.1,91.62,99.99847290941298
مولوی,rumi,مولوی,7,3,270842,غزلیات,غزل شماره ۲۴,شطرنج دولت شاه را صد جان به خرجش راه را,صد که حمایل کاه را صد درد دردی خوار را,96.65,87.42,85.38,87.61,86.66,93.01,95.58,98.23,90.92,99.99694581882598
مولوی,rumi,مولوی,7,4,279178,غزلیات,غزل شماره ۸۳۰,صاف جان‌ها سوی گردون می‌رود,درد جان‌ها سوی هامون می‌رود,98.73,87.42,79,99.61,86.87,77.4,98.84,90.74,89.89,99.99541872823896
مولوی,rumi,مولوی,7,5,318945,دفتر سوم,بخش ۲۱۴ - منجذب شدن جان نیز به عالم ارواح و تقاضای او و میل او به مقر خود و منقطع شدن از اجزای اجسام کی هم کنده پای باز روح‌اند,عشق معشوقان دو رخ افروخته,عشق عاشق جان او را سوخته,98.24,86.35,95.44,85.14,88.68,99.22,92.7,60.77,89.88,99.99389163765194
مولوی,rumi,مولوی,7,6,271022,غزلیات,غزل شماره ۳۶,روشنی روز تویی شادی غم سوز تویی,ماه شب افروز تویی ابر شکربار بیا,96.81,99.35,97.29,52.99,99.99,98.32,81.44,85.03,89.49,99.99236454706492
مولوی,rumi,مولوی,7,7,275487,غزلیات,غزل شماره ۴۶۷,آنک چنان می‌رود ای عجب او جان کیست,سخت روان می‌رود سرو خرامان کیست,91.55,78.97,79,93.3,96.76,89.33,94.15,96.83,89.27,99.99083745647792
مولوی,rumi,مولوی,7,8,328797,دفتر ششم,بخش ۴۵ - قصه سلطان محمود و غلام هندو,صبر مه با شب منور داردش,صبر گل با خار اذفر داردش,93.58,84.15,79,95.5,93.66,90.81,99.62,64,88.28,99.9893103658909
مولوی,rumi,مولوی,7,9,367392,رباعیات,رباعی شماره ۱۵۵۱,ای ظلمت شب مانع خورشید مشو,ای ابر حجاب روز امید مشو,84.63,84.15,94.87,91.83,99.89,88.82,98.37,56.22,88.16,99.98778327530388
مولوی,rumi,مولوی,7,10,275413,غزلیات,غزل شماره ۴۶۰,عاشق آن قند تو جان شکرخای ماست,سایه زلفین تو در دو جهان جای ماست,90.79,97.31,95.44,93.75,94.07,51.09,88,86.02,87.79,99.98625618471688
امیرخسرو دهلوی,amir-khosrow-dehlavi,امیرخسرو دهلوی,8,1,396660,مجنون و لیلی,بخش ۲۴ - گریستن لیلی در هوای آشنا، و موج درونه را بدین غزل آبدار بر روی آب آوردن,چشمم به ستاره راز گوید,جانم غم رفته باز گوید,99.73,87.42,97.55,93.83,93.17,98.14,93.3,22.71,89.22,100
امیرخسرو دهلوی,amir-khosrow-dehlavi,امیرخسرو دهلوی,8,2,395910,مجنون و لیلی,بخش ۱۰ - آغاز سلسله جنبانیدن مجنون و لیلی,می‌سوخت چو شمع با رخ زرد,در گریه و سوز خنده می‌کرد,95.13,99.59,98.18,67.88,85.4,98.81,60.64,97.48,89.07,99.98659697091543
امیرخسرو دهلوی,amir-khosrow-dehlavi,امیرخسرو دهلوی,8,3,396759,مجنون و لیلی,بخش ۲۷ - خرامش کردن سرو لیلی، با سرو قدان همسایه، سوی بوستان، و شناختن آزاده‌ای آن نو بران را، و زبان سوسنی کشیدن، و غزلی جگر دوز، از یک اندازهای مجنون، به آواز نرم روان کردن، و بر دل لیلی زدن، و کاری آمدن، و باز جست کردن لیلی طیرگی بلبل خار نشین خود را، و آزمودن آن راوی تعطش لیلی را، سوی خونابه مجنون و مرگ مجنون، به قبله کرم کردن، و سوخته شدن لیلی، و به گرمی در خانه باز آمدن، و به تب اجل گرفتار شدن,معشوقه چو نام یار بشنید,وان ناله جان گذار بشنید,81.22,87.42,92.66,96.2,93.17,98.14,94.05,63.67,88.87,99.97319394183086
امیرخسرو دهلوی,amir-khosrow-dehlavi,امیرخسرو دهلوی,8,4,395380,خسرو و شیرین,بخش ۳۱ - مناجات شیرین در شب فراق,به آب دیده با شب راز می‌گفت,ز روز بد حکایت باز می‌گفت,99.26,81.39,98.18,96.89,99.88,87.44,87.78,9.3,86.82,99.95979091274629
امیرخسرو دهلوی,amir-khosrow-dehlavi,امیرخسرو دهلوی,8,5,396737,مجنون و لیلی,بخش ۲۷ - خرامش کردن سرو لیلی، با سرو قدان همسایه، سوی بوستان، و شناختن آزاده‌ای آن نو بران را، و زبان سوسنی کشیدن، و غزلی جگر دوز، از یک اندازهای مجنون، به آواز نرم روان کردن، و بر دل لیلی زدن، و کاری آمدن، و باز جست کردن لیلی طیرگی بلبل خار نشین خود را، و آزمودن آن راوی تعطش لیلی را، سوی خونابه مجنون و مرگ مجنون، به قبله کرم کردن، و سوخته شدن لیلی، و به گرمی در خانه باز آمدن، و به تب اجل گرفتار شدن,چون شمع ز غم فسرده می‌بود,شب سوخته روز مرده می‌بود,99.59,24.59,99.77,97.97,99.78,89.07,89.45,97.24,86.65,99.9463878836617
امیرخسرو دهلوی,amir-khosrow-dehlavi,امیرخسرو دهلوی,8,6,398220,غزلیات,گزیده غزل ۱۲۷,سرو بستان ملاحت قامت رعنای تست,نور چشم عاشقان خسته خاک پای تست,99.57,81.39,89.75,89.79,85.45,61.55,86.45,90.19,86.22,99.93298485457713
امیرخسرو دهلوی,amir-khosrow-dehlavi,امیرخسرو دهلوی,8,7,393493,مثنویات,شماره ۸۳ - صفت شب سیاه هجران، که خضرخان را در کوشک جهان نمای جهان غم نمود، و دولرانی در قصر لعل غرق خوناب بود، و افروخته شدن شمع مراد آن دو محترق هم از آتش دل ایشان، و روشنایی در کار ایشان پدید گشتن,شبی چون سینه عشاق پر دود,ز تاریکی چو جانهای غم اندود,99.8,84.15,99.81,72.67,95.12,67.28,53.24,96.64,85.37,99.91958182549257
امیرخسرو دهلوی,amir-khosrow-dehlavi,امیرخسرو دهلوی,8,8,392131,مثنویات,شماره ۲ - مگر آرزوی دیدن ما در و دوستان و خویشان او را باز به دهلی آورد:,خنده زنان همچو گل بوستان,چشم گشادم به رخ دوستان,96.26,98.8,85.38,84.77,64.54,98.14,55.09,71.96,84.67,99.90617879640799
امیرخسرو دهلوی,amir-khosrow-dehlavi,امیرخسرو دهلوی,8,9,395341,خسرو و شیرین,بخش ۳۰ - رسیدن خبر مرگ فرهاد به شیرین و زاری او,گهیش از عشق خسرو راز گفتی,گهش ز اندوه شیرین باز گفتی,77.57,84.15,90.15,94.98,96.15,99.82,91.74,24.46,84.47,99.89277576732341
امیرخسرو دهلوی,amir-khosrow-dehlavi,امیرخسرو دهلوی,8,10,396710,مجنون و لیلی,بخش ۲۶ - آه کردن مجنون از درونه پرسوز، و این غزل دود اندود، از دودکش دهان، بیرون دادن,مهر تو در استخوان من باد,درد تو دوای جان من باد!,93.58,84.15,79,97.09,87.02,96.67,96.08,12.49,84.01,99.87937273823884
اوحدی,owhadi,اوحدی,8,1,373911,غزلیات,غزل شماره ۱۵,باز کی بینم رخ آن ماه مهر افروز را؟,گل رخ سیمین بر دل دزد عاشق سوز را؟,99.76,99.72,89.75,89.81,82.99,81.2,94.4,84.17,91.04,100
اوحدی,owhadi,اوحدی,8,2,379355,غزلیات,غزل شماره ۶۳۷,هر شب ز عشق روی تو این چشم لعبت باز من,در خون نشیند، تا کند چون روز روشن راز من,99.13,87.03,99.77,88.09,95.39,99.65,78.18,60.31,90.81,99.99311247331083
اوحدی,owhadi,اوحدی,8,3,380054,غزلیات,غزل شماره ۷۱۹,نوای عشق بلبل را دلی باید بلا دیده,ز سوز و آه خود بسیار سرد و گرمها دیده,92.04,99.72,79,90.48,96.29,95.6,84.72,68.06,89.5,99.98622494662168
اوحدی,owhadi,اوحدی,8,4,379317,غزلیات,غزل شماره ۶۳۳,خلاف دشمنان روزی نظر بر دوستان افگن,حسودان را بخوابان چشم و بندی بر زبان افگن,92.46,73.41,86.67,91.33,88.75,97.68,83.31,96.26,88.58,99.9793374199325
اوحدی,owhadi,اوحدی,8,5,384686,جام جم,در باب ظلمه و ظلم,شب تاریک دوک رشتن او,روز نانی به خون سرشتن او,87.09,86.35,83.29,90.84,85.27,89.07,73.06,93.88,86.42,99.97244989324334
اوحدی,owhadi,اوحدی,8,6,377096,غزلیات,غزل شماره ۳۸۴,چشمم چو صبح گشت سپید از جفای چرخ,صبحم چو شام گشت سیاه از فراق یار,95.59,90.11,99.54,53.52,96.69,94.04,87.89,61.33,86.08,99.96556236655417
اوحدی,owhadi,اوحدی,8,7,380116,غزلیات,غزل شماره ۷۲۶,ای روشن از رخ تو زمین و زمان همه,تاریک بی‌تو چشم همین و همان همه,98.51,97.11,85.38,93.61,96.22,36.72,86.05,71.71,84.96,99.958674839865
اوحدی,owhadi,اوحدی,8,8,375969,غزلیات,غزل شماره ۲۵۵,چون غلامان جان من بر لب ز تلخی می‌رسید,دشمن من بر لب شیرین او چون میر شد,87.08,88.72,99.92,62.99,99.03,82.84,81.05,65.1,84.42,99.95178731317584
اوحدی,owhadi,اوحدی,8,9,377987,غزلیات,غزل شماره ۴۸۲,سرشک دیده چنان ریخت اوحدی ز فراقت,کز آب دیده او خاک ره به خون بسرشتم,99.84,90.11,87.48,35.14,96.22,94.04,72.14,96.35,84.06,99.94489978648667
اوحدی,owhadi,اوحدی,8,10,376019,غزلیات,غزل شماره ۲۶۲,هرگز از عشقی مرا پایی چنین در گل نشد,هیچ سال این دردم اندر جان وغم در دل نشد,91.37,95.91,79,88.29,90.53,95.53,88.12,12.09,83.64,99.9380122597975
حافظ,hafez,حافظ,8,1,369229,رباعیات,رباعی شماره ۲۵,ای دوست دل از جفای دشمن درکش,با روی نکو شراب روشن درکش,95.49,81.39,79,93.37,92.77,61.55,89.22,86.46,85.29,100
حافظ,hafez,حافظ,8,2,369296,قطعات,قطعه شماره ۹,دادگرا تو را فلک جرعه کش پیاله باد,دشمن دل سیاه تو غرقه به خون چو لاله باد,97.13,69.44,87.48,91.98,68.74,81.2,84.05,96.98,84.8,99.97888067581837
حافظ,hafez,حافظ,8,3,369671,غزلیات,غزل شماره ۱۷,تنم از واسطه دوری دلبر بگداخت,جانم از آتش مهر رخ جانانه بسوخت,99.21,81.39,85.38,58.15,99.09,89.7,39.27,97.69,82.96,99.95776135163675
حافظ,hafez,حافظ,8,4,371975,غزلیات,غزل شماره ۲۹۴,کوه صبرم نرم شد چون موم در دست غمت,تا در آب و آتش عشقت گدازانم چو شمع,98.58,69.44,100,30.62,99.81,96.94,66.67,91.16,81.99,99.93664202745512
حافظ,hafez,حافظ,8,5,370603,غزلیات,غزل شماره ۱۳۰,سحر بلبل حکایت با صبا کرد,که عشق روی گل با ما چه‌ها کرد,98.2,78.97,85.38,86.79,89.34,56.08,70.98,63.05,81.01,99.9155227032735
حافظ,hafez,حافظ,8,6,372768,غزلیات,غزل شماره ۳۸۸,بهار و گل طرب انگیز گشت و توبه شکن,به شادی رخ گل بیخ غم ز دل برکن,85.14,92.94,57.7,71.76,97.98,96.67,74.23,65.17,80.97,99.89440337909187
حافظ,hafez,حافظ,8,7,371968,غزلیات,غزل شماره ۲۹۴,در وفای عشق تو مشهور خوبانم چو شمع,شب نشین کوی سربازان و رندانم چو شمع,93.58,24.59,99.54,97.98,96.22,46.91,91.56,97.42,80.23,99.87328405491024
حافظ,hafez,حافظ,8,8,371132,غزلیات,غزل شماره ۱۹۴,سمن بویان غبار غم چو بنشینند بنشانند,پری رویان قرار از دل چو بستیزند بستانند,81.22,75.92,99.08,84.2,98.38,51.09,41.8,93.88,79.7,99.85216473072862
حافظ,hafez,حافظ,8,9,372780,غزلیات,غزل شماره ۳۸۹,ببار ای شمع اشک از چشم خونین,که شد سوز دلت بر خلق روشن,98.4,99.35,86.86,49.18,58.04,82.3,53.51,97.6,79.6,99.83104540654699
حافظ,hafez,حافظ,8,10,372805,غزلیات,غزل شماره ۳۹۲,گه چون نسیم با گل راز نهفته گفتن,گه سر عشقبازی از بلبلان شنیدن,73.34,99.35,92.66,59.06,98.1,56.08,87.09,71.09,79.51,99.78880675818374
سلمان ساوجی,salman-savoji,سلمان ساوجی,8,1,402246,غزلیات,غزل شماره ۲۷۸,چو شمعم در غمت سوزان و اشک از دیده می‌بارم,به روزم مرده از هجران و شب را زنده می‌دارم,99.88,95.5,99.61,78.34,84.03,90.24,66.67,96.94,90.26,100
سلمان ساوجی,salman-savoji,سلمان ساوجی,8,2,411747,جمشید و خورشید,بخش ۵۷ - بیتابی جمشید در فراق خورشید,به سوز دل شب هجران بسوزم,به تیر آه چشم روز دوزم,96.77,98.59,86.67,76.29,88.37,93.38,84.08,62.85,87.6,99.99228811598674
سلمان ساوجی,salman-savoji,سلمان ساوجی,8,3,412628,جمشید و خورشید,بخش ۹۸ - رباعی,چون گل دهنی زمانه پر خنده نکرد,کش باز به خون جگر آکنده نکرد,93.02,78.97,85.38,95.19,82.62,95.24,89.43,64.63,86.75,99.98457623197348
سلمان ساوجی,salman-savoji,سلمان ساوجی,8,4,411270,جمشید و خورشید,بخش ۴۰ - غزل,ز عکسش بی سکون شد جان جمشید,بر آب افتاد گویی عکس خورشید,98.45,81.39,97.55,80.9,92.77,61.55,78.83,96.79,86.67,99.9768643479602
سلمان ساوجی,salman-savoji,سلمان ساوجی,8,5,402585,غزلیات,غزل شماره ۳۲۱,بیخ عشق تو نشاندند بتا! در دل من,غم مهر تو فشاندند، در آب و گل من,97.23,70.78,85.38,86.62,93.51,97.12,78.42,71.33,86.35,99.96915246394694
سلمان ساوجی,salman-savoji,سلمان ساوجی,8,6,411391,جمشید و خورشید,بخش ۴۴ - غزل,به شب رازی که با خورشید گفتند,به روز آن راز با جمشید گفتند,83.47,78.97,94.87,99.78,98.6,92.59,99.82,16.5,85.58,99.96144057993368
سلمان ساوجی,salman-savoji,سلمان ساوجی,8,7,411160,جمشید و خورشید,بخش ۳۶ - غزل,چو شمع از عشق خورشید دل افروز,به سوز و گریه آنشب کرد تا روز,94.31,97.31,96.52,71.49,93.81,94.59,49.68,58.24,85.36,99.95372869592042
سلمان ساوجی,salman-savoji,سلمان ساوجی,8,8,400747,غزلیات,غزل شماره ۹۰,درد عشق تو که جز جان منش، منزل نیست,در دل می‌زند و جز تو، کسی در دل نیست,94.22,68.43,79,92.91,90.14,92.95,96.59,58.48,84.98,99.94601681190714
سلمان ساوجی,salman-savoji,سلمان ساوجی,8,9,411385,جمشید و خورشید,بخش ۴۴ - غزل,چو بلبل شب همه شب ناله می کرد,کنار برگ گل پر ژاله می کرد,99.9,97.31,90.58,96.98,45.92,80.12,81.76,64.36,84.68,99.93830492789388
سلمان ساوجی,salman-savoji,سلمان ساوجی,8,10,402840,غزلیات,غزل شماره ۳۵۲,خورشید رخا سایه ز ما باز گرفتی,وز من نظر مهر و وفا باز گرفتی,95.96,90.72,79,98.67,92.38,51.09,96.88,57.25,84.39,99.93059304388062
شاه نعمت‌الله ولی,shah-nematollah-vali,شاه نعمت‌الله ولی,8,1,421996,غزلیات,غزل شماره ۱۱۸۰,درس عشق از دفتر جان خوانده ایم,نقش عقل از پیش دیده رانده ایم,86.81,78.97,94.87,96.1,99.95,86.71,91.48,62.94,88.17,100
شاه نعمت‌الله ولی,shah-nematollah-vali,شاه نعمت‌الله ولی,8,2,423518,غزلیات,غزل شماره ۱۳۹۷,تا خیال روی خوبش دیده ام در آینه,روز و شب دارم ز عشقش در برابر آینه,97.06,93.45,97.29,90.17,99.83,84.09,88.34,26.35,88.04,99.99320467518348
شاه نعمت‌الله ولی,shah-nematollah-vali,شاه نعمت‌الله ولی,8,3,421673,غزلیات,غزل شماره ۱۱۳۵,درد دل بردیم و درمان یافتیم,سوز جان دیدیم و جانان یافتیم,98.73,92.94,79,99.69,91.73,67.28,96.01,63.03,87.6,99.98640935036694
شاه نعمت‌الله ولی,shah-nematollah-vali,شاه نعمت‌الله ولی,8,4,427426,متفرقات,هو علی,درد دردش بنوش و درمان جو,جان به جانان سپار و جانان جو,95.21,92.24,57.7,94.64,85.77,89.7,97.2,84.68,86.99,99.97961402555042
شاه نعمت‌الله ولی,shah-nematollah-vali,شاه نعمت‌الله ولی,8,5,415964,غزلیات,غزل شماره ۳۱۹,درد دردش دوای جان منست,خوش دوایی برای جان منست,92.75,94.71,57.7,99.92,90.42,92.42,99.06,61.89,86.84,99.9728187007339
شاه نعمت‌الله ولی,shah-nematollah-vali,شاه نعمت‌الله ولی,8,6,416512,غزلیات,غزل شماره ۳۹۶,ناله نی بشنو ای جان عزیز,ناله ای چون ناله نی هست نیست,75.81,99.64,92.66,82.39,87.88,93.42,99.47,62.58,86.82,99.96602337591737
شاه نعمت‌الله ولی,shah-nematollah-vali,شاه نعمت‌الله ولی,8,7,421509,غزلیات,غزل شماره ۱۱۱۱,درد دل آمد که درمانت منم,سوز جان آمد که جانانت منم,95.96,92.94,79,96.17,93.66,96.67,97.66,11.15,86.35,99.95922805110085
شاه نعمت‌الله ولی,shah-nematollah-vali,شاه نعمت‌الله ولی,8,8,420988,غزلیات,غزل شماره ۱۰۳۸,درد دل دارم و درمان خوشی می جویم,درد می نوشم و رندانه به جان می گردم,99.36,89.56,85.38,71.61,93.99,83.89,90.97,64.35,86.17,99.95243272628431
شاه نعمت‌الله ولی,shah-nematollah-vali,شاه نعمت‌الله ولی,8,9,422678,غزلیات,غزل شماره ۱۲۷۷,جام می عشق تو نوشم به جان,دردی دردت نفروشم به جان,98.73,92.94,79,99.34,86.09,99.16,93.87,7.22,86.07,99.94563740146779
شاه نعمت‌الله ولی,shah-nematollah-vali,شاه نعمت‌الله ولی,8,10,416349,غزلیات,غزل شماره ۳۷۳,بی حضور عشق جانان راحت جان هیچ نیست,بی هوای درد دردش صاف درمان هیچ نیست,84.17,90.11,57.7,99.68,95.81,97.77,99.72,59.91,85.8,99.93884207665127
شیخ محمود شبستری,mahmud-shabestari,شیخ محمود شبستری,8,1,388828,گلشن راز,بخش ۵۳ - اشارت به رخ و خط,ز تاریکی زلفش روز شب کن,ز خطش چشمه حیوان طلب کن,96.77,84.15,86.67,87.55,87.12,33.24,98.6,60.17,80.74,100
شیخ محمود شبستری,mahmud-shabestari,شیخ محمود شبستری,8,2,427889,کنز الحقایق,در تحقیق نماز,قرایت چیست با حق راز گفتن,نیاز خویش با حق باز گفتن,84.17,92.94,57.7,95.23,93.66,67.28,97.66,21.6,78.43,99.93986770895971
شیخ محمود شبستری,mahmud-shabestari,شیخ محمود شبستری,8,3,428167,کنز الحقایق,در بیان نهایت عشق است,چو شد عاشق تهی از خود فنا دان,چو پر گردد ز معشوقش بقا دان,87.43,24.59,99.68,88.94,49.26,87.06,98.2,84.14,76.53,99.87973541791942
شیخ محمود شبستری,mahmud-shabestari,شیخ محمود شبستری,8,4,388798,گلشن راز,بخش ۵۱ - اشارت به چشم و لب,ز چشمش خون ما در جوش دایم,ز لعلش جان ما مدهوش دایم,86.92,81.39,57.7,93.57,89.52,61.55,98.29,12.94,75.24,99.81960312687913
شیخ محمود شبستری,mahmud-shabestari,شیخ محمود شبستری,8,5,388706,گلشن راز,بخش ۴۵ - تمثیل در بیان اقسام مرگ و ظهور اطوار قیامت در لحظه مرگ,تن تو چون زمین سر آسمان است,حواست انجم و خورشید جان است,98.45,81.39,97.93,91.39,95.86,0,88.64,11.31,75.12,99.75947083583885
شیخ محمود شبستری,mahmud-shabestari,شیخ محمود شبستری,8,6,388895,گلشن راز,بخش ۵۷ - اشارت به خرابات,میان آب و گل افتان و خیزان,به جای اشک خون از دیده ریزان,95.4,91.62,27.66,82.38,71.82,95.24,56.86,58.25,74.66,99.69933854479855
شیخ محمود شبستری,mahmud-shabestari,شیخ محمود شبستری,8,7,388795,گلشن راز,بخش ۵۱ - اشارت به چشم و لب,به شوخی جان دمد در آب و در خاک,به دم دادن زند آتش بر افلاک,99.99,24.59,99.92,62.6,100,39.33,76.17,87.48,74.01,99.63920625375827
شیخ محمود شبستری,mahmud-shabestari,شیخ محمود شبستری,8,8,388919,گلشن راز,بخش ۵۹ - جواب,درون هر بتی جانی است پنهان,به زیر کفر ایمانی است پنهان,94.09,24.59,94.87,99.4,99.82,33.24,97.68,32.73,73.98,99.57907396271798
شیخ محمود شبستری,mahmud-shabestari,شیخ محمود شبستری,8,9,389034,گلشن راز,بخش ۶۳ - اشارت به بت,چو دید آن ماه کز روی چو خورشید,بریدم من ز جان خویش امید,96.45,91.62,99.54,57.91,89.34,56.08,15.59,37.39,73.92,99.5189416716777
شیخ محمود شبستری,mahmud-shabestari,شیخ محمود شبستری,8,10,388184,گلشن راز,بخش ۷ - جواب,چه می‌گویم که هست این نکته باریک,شب روشن میان روز تاریک,85.77,92.94,83.29,77.46,85.4,38.95,9.65,86.21,73.55,99.4588093806374
عبید زاکانی,obeyd-zakani,عبید زاکانی,8,1,391809,عشاق‌نامه,بخش ۲۷ - آگاه شدن عاشق از حال معشوق,گهی از سوز جان افغان برآرم,نفیر از درد بیدرمان برآرم,94.48,93.62,79,96.26,92.66,72.64,89.51,96.71,89.38,100
عبید زاکانی,obeyd-zakani,عبید زاکانی,8,2,391857,عشاق‌نامه,بخش ۳۱ - پیغام فرستادن عاشق بمعشوق,بدان منزل که شیرین جانم آنجاست,دوای درد بیدرمانم آنجاست,95.27,99.16,79,96.41,88.56,77.4,83.57,86.24,89.09,99.9652052887961
عبید زاکانی,obeyd-zakani,عبید زاکانی,8,3,391290,عشاق‌نامه,بخش ۱ - سرآغاز,مرا دل در غم دلداری افکند,به دام عشق گل رخساری افکند,93.58,84.15,79,98.73,92.9,96.67,93.47,18.25,85.19,99.93041057759221
عبید زاکانی,obeyd-zakani,عبید زاکانی,8,4,391687,عشاق‌نامه,بخش ۲۴ - در صفت وصال,مدامم خرمی دمساز بودی,به رویش چشم جانم باز بودی,98.73,87.42,79,89.57,85.89,77.4,68.41,63.47,83.76,99.89561586638831
عبید زاکانی,obeyd-zakani,عبید زاکانی,8,5,389509,غزلیات,غزل شماره ۵۳,ز سوز عشق من جانت بسوزد,همه پیدا و پنهانت بسوزد,94.48,86.35,79,97.6,88.68,86.33,90.74,17.38,83.47,99.86082115518441
عبید زاکانی,obeyd-zakani,عبید زاکانی,8,6,391922,عشاق‌نامه,بخش ۳۲ - مناجات,به حق صبر بی‌پایان ایوب,به آب چشم خون افشان یعقوب,96.53,86.35,79,59.97,94.57,97.38,78.72,63.58,83.34,99.82602644398052
عبید زاکانی,obeyd-zakani,عبید زاکانی,8,7,390128,قصاید,قصیده شماره ۱۱ - ایضا در مدح همو گوید,دمید باد دلاویز و بوی جان آورد,نوید کوکبه گل به گلستان آورد,92.59,98.21,79,92.42,98.24,0,87.55,97.98,81.05,99.79123173277662
عبید زاکانی,obeyd-zakani,عبید زاکانی,8,8,391182,رباعیات,رباعی شماره ۲۳,گر وصل تو دست من شیدا گیرد,وین درد و فراق راه صحراگیرد,83.87,81.39,94.87,84.51,99.85,92.83,42.64,29.52,80.5,99.75643702157272
عبید زاکانی,obeyd-zakani,عبید زاکانی,8,9,391431,عشاق‌نامه,بخش ۱۴ - رسیدن جواب عاشق بمعشوق,ز شوقش آتشی در جانم افتاد,دلم دریای خون از دیده بگشاد,99.73,84.15,85.38,71.65,95.12,67.28,56.54,56.64,80.26,99.72164231036882
عبید زاکانی,obeyd-zakani,عبید زاکانی,8,10,391933,عشاق‌نامه,بخش ۳۲ - مناجات,دل افکاری اسیری عشق بازی,به کوی عاشقی گردن فرازی,99.3,24.59,97.55,77.84,95.31,92.42,59.97,87.29,80.18,99.68684759916493
جامی,jami,جامی,9,1,433412,خردنامه اسکندری,بخش ۷ - خردنامه ارسطو,که: «شاها! دلت چشمه راز باد!,به روی تو چشم رضا باز باد!,95.49,81.39,79,91.92,92.77,95.89,89.78,64.81,87.52,100
جامی,jami,جامی,9,2,429374,سلامان و ابسال,بخش ۲۰ - بازماندن سلامان از ابسال و زاری کردن بر دوری وی,کای ز هجر خویش جانم سوخته!,وز جمال خویش چشمم دوخته!,96.53,86.35,79,83.97,92.66,72.64,76.58,86.52,85.16,99.98120300751879
جامی,jami,جامی,9,3,433181,لیلی و مجنون,بخش ۲۰ - مرگ مجنون,بر بالش خاک و بستر خار,جان داده ز درد فرقت یار,99.8,84.15,87.48,67.74,95.12,96.67,59.45,71.49,84.97,99.9624060150376
جامی,jami,جامی,9,4,430232,سبحه‌الابرار,بخش ۱۹ - در عشق,ای دلت شاه سراپرده عشق,جان تو زخم بلاخورده عشق,95.27,87.42,79,94.29,88.56,92.42,94.14,25.64,84.95,99.94360902255639
جامی,jami,جامی,9,5,429245,سلامان و ابسال,بخش ۱۴ - نصیحت کردن شاه و حکیم سلامان را و جواب گفتن وی,لیک چون یادم از آن ماه آمده‌ست،,جان من در ناله و آه آمده‌ست,91.55,97.79,96.52,88.13,89.34,88.43,52.23,14.31,82.68,99.92481203007519
جامی,jami,جامی,9,6,429295,سلامان و ابسال,بخش ۱۶ - در دریا نشستن سلامان و ابسال و به جزیره‌ای خرم رسیدن,هر دو شادان همچو جان و تن به هم,هر دو خرم چون گل و سوسن به هم,88.64,69.44,99.54,89.06,86.33,81.2,94.9,32.45,82.37,99.90601503759399
جامی,jami,جامی,9,7,432094,یوسف و زلیخا,بخش ۴۰ - بیرون آمدن یوسف از زندان و وفات عزیز مصر و تنهایی زلیخا,یکی را برکشد چون خور بر افلاک,یکی را افکند چون سایه بر خاک,95.84,78.97,99.77,78.75,84.09,33.24,95.86,89.42,82.2,99.88721804511277
جامی,jami,جامی,9,8,433433,خردنامه اسکندری,بخش ۸ - خردنامه افلاطون,چو دشمن به دست تو گردد اسیر،,از او سایه دوستی وامگیر!,95.13,84.15,98.18,65.51,83.68,98.81,15.13,88.95,82.05,99.86842105263159
جامی,jami,جامی,9,9,428950,سلسلهالذهب,بخش ۲۳ - گفتار در فضیلت جود و کرم,برق رخشان، کند جهان روشن,جود و احسان، جهان جان روشن!,99.58,93.62,85.38,96.53,90.18,0,97.3,85.2,81.92,99.84962406015038
جامی,jami,جامی,9,10,431024,یوسف و زلیخا,بخش ۱۶ - دیدن زلیخا عزیز مصر را از شکاف خیمه,همی نالید از جان و دل چاک,همی مالید روی از درد بر خاک,99.46,78.97,85.38,70.21,89.34,56.08,84.28,86.09,81.82,99.83082706766918
هلالی جغتایی,helali-jaghatai,هلالی جغتایی,9,1,434766,شاه و درویش,بخش ۱۸ - راندن کویوال گدا را از مکتب به رقابت خود,راز او چون به روی روز افتاد,شب تاریک دل‌فروز افتاد,90.27,86.35,99.28,96.52,98.21,89.07,83.9,57.02,89.5,100
هلالی جغتایی,helali-jaghatai,هلالی جغتایی,9,2,434534,شاه و درویش,بخش ۱۰ - آغاز قصه شاه و درویش,نی به دل داغ اشتیاقی داشت,نی به جان آتش فراقی داشت,95.96,92.94,79,98.71,93.66,67.28,99.63,60.66,87.3,99.96822370511599
هلالی جغتایی,helali-jaghatai,هلالی جغتایی,9,3,434073,غزلیات,غزل شماره ۳۵,ز آب چشم من گل شد به راه عشق منزل‌ها,ندانم تا چه گل‌ها بشکفد آخر از این گل‌ها؟,97.83,88.42,97.55,81.93,90.08,75.01,41.81,88.27,85.33,99.93644741023196
هلالی جغتایی,helali-jaghatai,هلالی جغتایی,9,4,436699,غزلیات,غزل شماره ۲۰۰,حیف باشد زخم تیر او بر چشم دشمنان,چشم زخم دوستان بادا نصیب دشمنش!,84.47,99.73,83.29,63.05,86.69,99.42,98.24,59.22,84.58,99.90467111534795
هلالی جغتایی,helali-jaghatai,هلالی جغتایی,9,5,434339,شاه و درویش,بخش ۱,آتش از شوق داغ بر دل ماند,آب از گریه پای در گل ماند,98.64,78.97,89.44,91.24,86.77,86.71,92.14,17.32,83.68,99.87289482046393
هلالی جغتایی,helali-jaghatai,هلالی جغتایی,9,6,435676,غزلیات,غزل شماره ۴۵,وه! چه عمرست این که در هجر تو بردم عاقبت؟,جان شیرین را به صد تلخی سپردم عاقبت,81.97,88.72,94.87,86.81,99.81,92.21,22.83,65.77,82.74,99.84111852557992
هلالی جغتایی,helali-jaghatai,هلالی جغتایی,9,7,433995,غزلیات,غزل شماره ۲۳,نهادی بر دلم فراق و سوختی جان را,به داغ و درد دوری چند سوزی دردمندان را؟,89.04,89.56,79,83.76,97.76,83.89,31.89,86.38,82.61,99.80934223069589
هلالی جغتایی,helali-jaghatai,هلالی جغتایی,9,8,435864,غزلیات,غزل شماره ۷۳,بی تو هر روز مرا ماهی و هر شب سالی‌ست,شب چنین، روز چنان، آه! چه مشکل حالی‌ست!,82.01,69.44,83.29,86.36,85.3,90.01,88.02,64.05,81.44,99.77756593581188
هلالی جغتایی,helali-jaghatai,هلالی جغتایی,9,9,434286,رباعیات,رباعی شماره ۲۴,نی کام دل و راحت جان می‌خواهم,آنی که رضای توست آن می‌خواهم,83.34,81.39,57.7,97.1,96.38,61.55,89.81,89.96,81.4,99.74578964092787
هلالی جغتایی,helali-jaghatai,هلالی جغتایی,9,10,435526,شاه و درویش,بخش ۴۷ - به وصل رسیدن درویش و دوری او بار دیگر به جور رقیب,نیست هرگز از نشاط در دل من,گویی از غم سرشته شد گل من,73.34,78.97,90.15,86.85,91.83,82.3,81.36,60.69,81.3,99.71401334604386
رضی‌الدین آرتیمانی,razi-al-din-artimani,رضی‌الدین آرتیمانی,10,1,460729,رضی‌الدین آرتیمانی,ساقی‌نامه,بکش باده تلخ و شیرین بخند,فنا گرد و بر کفر و بر دین بخند,95.13,90.72,97.29,92.76,99.83,33.24,80.7,97.03,86.62,100
رضی‌الدین آرتیمانی,razi-al-din-artimani,رضی‌الدین آرتیمانی,10,2,461362,غزلیات,غزل شماره ۴۹,همه دردم همه داغم همه عشقم همه سوزم,همه در هم گذرد هر مه و سال و شب و روزم,93.18,87.42,97.29,85.04,95.71,99.79,92.56,14.38,86.55,99.93425378040762
رضی‌الدین آرتیمانی,razi-al-din-artimani,رضی‌الدین آرتیمانی,10,3,460970,رضی‌الدین آرتیمانی,ترجیع بند,تا سایه به خاک ما فکندی,در سایه ماست مهر و افلاک,99.82,92.94,89.44,57.98,79.55,88.82,86.5,91.01,86.02,99.86850756081526
رضی‌الدین آرتیمانی,razi-al-din-artimani,رضی‌الدین آرتیمانی,10,4,460856,رضی‌الدین آرتیمانی,سوگندنامه,به تنهاییم یار دیرین تویی,مرا یاری جان شیرین تویی,81.22,87.42,57.7,99.85,86.87,92.42,98.68,85.6,85.17,99.80276134122288
رضی‌الدین آرتیمانی,razi-al-din-artimani,رضی‌الدین آرتیمانی,10,5,461068,غزلیات,غزل شماره ۷,در فراقم یاد آنشب همچو آب و آتش است,در مزاقم حسرت آن لب چو شیر و شکر است,93.29,68.43,99.96,87.17,99.79,82.78,97.46,18.91,83.79,99.7370151216305
رضی‌الدین آرتیمانی,razi-al-din-artimani,رضی‌الدین آرتیمانی,10,6,461868,قصاید,قصیده,شرح غم فقیران از رنگ چهره خواه,درد دل اسیران از نور چهره خوان,96.45,99.73,79,44.47,99.18,88.43,78.52,68.18,82.86,99.67126890203814
رضی‌الدین آرتیمانی,razi-al-din-artimani,رضی‌الدین آرتیمانی,10,7,460627,رضی‌الدین آرتیمانی,ساقی‌نامه,که خاکم گل از آب انگور کن,سرا پای من آتش طور کن,99.82,81.39,94.66,88.32,87.05,33.24,86.7,65.7,81.61,99.60552268244575
رضی‌الدین آرتیمانی,razi-al-din-artimani,رضی‌الدین آرتیمانی,10,8,460837,رضی‌الدین آرتیمانی,سوگندنامه,به شام فراق دل آشفتگان,به صبح وصال بغم خفتگان,95.27,24.59,79,84.39,90.42,98.14,85.21,91.15,80.2,99.5397764628534
رضی‌الدین آرتیمانی,razi-al-din-artimani,رضی‌الدین آرتیمانی,10,9,461448,غزلیات,غزل شماره ۶۲,دایم بیاد روی تو چون گل شکفته‌ایم,پیوسته در خیال تو خرم نشسته‌ایم,75.81,81.39,92.66,85.77,92.09,61.55,39.58,93.88,79.13,99.47403024326101
رضی‌الدین آرتیمانی,razi-al-din-artimani,رضی‌الدین آرتیمانی,10,10,461903,رباعیات,رباعی شماره ۱,باز آ باز آ، چو روح در تن باز آ,چون جان به بدن، چو گل بگلشن باز آ,99.43,68.43,99.97,96.46,85.66,0,97.79,70.77,78.74,99.40828402366864
شیخ بهایی,sheikh-bahaei,شیخ بهایی,10,1,457322,غزلیات,غزل شماره ۶,آنانکه شمع آرزو در بزم عشق افروختند,از تلخی جان کندنم، از عاشقی واسوختند,91.55,78.97,95.44,84.76,98.7,98.55,64.4,89.73,88.76,100
شیخ بهایی,sheikh-bahaei,شیخ بهایی,10,2,457327,غزلیات,غزل شماره ۷,دگر از درد تنهایی، به جانم یار می‌باید,دگر تلخ است کامم، شربت دیدار می‌باید,72,97.31,57.7,98.6,99.24,94.59,99.03,36.12,82.54,99.92069785884219
شیخ بهایی,sheikh-bahaei,شیخ بهایی,10,3,458267,نان و پنیر,بخش ۱ - بسم الله الرحمن الرحیم,خالص و صافی شوی از خاک پاک,نه ز آتش خوف و نه از آب پاک,98.26,24.59,89.44,87.73,85.12,84.19,88.11,96.51,81.02,99.84139571768438
شیخ بهایی,sheikh-bahaei,شیخ بهایی,10,4,457666,رباعیات,رباعی شماره ۵۶,غمهای جهان در دل پر غم داریم,وز بحر الم، دیده پر نم داریم,96.45,78.97,79,95.77,98.51,56.08,96.84,15.6,80.43,99.76209357652657
شیخ بهایی,sheikh-bahaei,شیخ بهایی,10,5,459517,مقطعات,شماره ۴,عید، هرکس را ز یار خویش، چشم عیدی است,چشم ما پر اشک حسرت، دل پر از نومیدی است,94.24,88.42,27.66,94.7,50.58,92.95,95.29,85.27,78.14,99.68279143536876
شیخ بهایی,sheikh-bahaei,شیخ بهایی,10,6,457728,دیوان اشعار,مخمس,بلبل به چمن زان گل رخسار نشان دید,پروانه در آتش شد و اسرار عیان دید,90.79,73.41,83.88,90.73,77.85,46.91,91.6,56.85,77.91,99.60348929421095
شیخ بهایی,sheikh-bahaei,شیخ بهایی,10,7,457531,مثنویات پراکنده,شماره ۹,روز از دود دلم تاریک و تار,شب چه روز آمد ز آه شعله بار,86.99,75.92,83.29,71.03,87.88,90.81,75.16,17.5,76.75,99.52418715305313
شیخ بهایی,sheikh-bahaei,شیخ بهایی,10,8,457519,مثنویات پراکنده,شماره ۸,رود محنت دهر از یاد من,شود شاد این جان ناشاد من,93.58,24.59,79,87.62,88.37,67.28,80.42,97.45,76.52,99.44488501189532
شیخ بهایی,sheikh-bahaei,شیخ بهایی,10,9,457626,رباعیات,رباعی شماره ۳۶,دل درد و بلای عشقش افزون خواهد,او دیده دل همیشه در خون خواهد,69.23,94.71,36.72,98.18,96.76,99.84,97.4,5.81,76.46,99.36558287073751
شیخ بهایی,sheikh-bahaei,شیخ بهایی,10,10,457491,مثنویات پراکنده,شماره ۵,نه بر دل تو را، از غم دوست،دردی,نه بر چهره از خاک آن کوی، گردی,93.58,73.41,79,78.56,90.01,46.91,84.84,38.41,75.47,99.2862807295797
عرفی,orfi,عرفی,10,1,463662,غزلها,غزل شماره ۴۰۲,جان می رود ای اشک ز دنباله روان باش,وی ناله تو هم چند قدم پیرو جان باش,99.24,69.44,85.38,92.31,92.26,81.2,96.75,96.3,88.72,100
عرفی,orfi,عرفی,10,2,462930,غزلها,غزل شماره ۲۸۷,بیار باده که جانم دمی ز ناله بر آید,هزار زمزمه از دل به یک پیاله بر آید,92.04,88.72,79,97.46,91.67,75.28,91.87,61.69,86.01,99.97425997425997
عرفی,orfi,عرفی,10,3,462706,غزلها,غزل شماره ۲۴۹,نسیم صبح چو برگ سمن فروریزد,جگر ز ناله مرغ چمن فروریزد,94.8,84.15,85.38,97.7,68.22,67.28,91.76,96.64,85.81,99.94851994851996
عرفی,orfi,عرفی,10,4,459823,غزلها,غزل شماره ۳۷,صد چشمه ی زهر از لب داغ دل ما ریخت,غم روغن تلخی به چراغ دل ما ریخت,94.6,88.72,79,97.62,94.46,75.28,92.3,35.75,84.79,99.92277992277992
عرفی,orfi,عرفی,10,5,463114,غزلها,غزل شماره ۳۱۸,غم چو شبخون می زند، هان دوستان لشگر کنید,جست و جویم گر کنید از بالش و بستر کنید,96.8,24.59,97.93,91.83,89.78,92.95,91.57,99.7,84.66,99.8970398970399
عرفی,orfi,عرفی,10,6,460517,غزلها,غزل شماره ۱۴۷,ترک جان در ره آن سرو روان این همه نیست,عشق اگر نرخ نهد قیمت جان این همه نیست,98.58,24.59,85.38,99.29,92.33,86.8,97.39,88.54,83.41,99.87129987129987
عرفی,orfi,عرفی,10,7,463467,غزلها,غزل شماره ۳۷۳,جان رفت و سوزد از تو دل ناتوان هنوز,شد خاک دیده مژه ام خون فشان هنوز,99.64,70.78,97.55,91.97,98.2,43.79,86.61,59.51,83.11,99.84555984555985
عرفی,orfi,عرفی,10,8,464274,غزلها,غزل شماره ۴۹۸,نیست غم کز درد هجران شهپرم بر خاک ریخت,اینک از جبرییل شوقت باز شهپر می خرم,97.23,70.78,85.38,40.68,98.2,98.98,72.89,99.62,82.52,99.81981981981983
عرفی,orfi,عرفی,10,9,463817,غزلها,غزل شماره ۴۲۵,ما گریبان دل از گل های غم پر کرده ایم,از شراب تلخکامی جام جم پر کرده ایم,98.73,69.44,85.38,97.18,94.46,41.78,92.36,67.01,82.15,99.79407979407979
عرفی,orfi,عرفی,10,10,463778,غزلها,غزل شماره ۴۱۹,غم می گزد لب من، من می گزم لب عشق,میرم به تلخی غم، نازم به مشرب عشق,82.69,69.44,57.7,89.46,92.43,96.67,88.38,88.53,82.05,99.76833976833976
محتشم کاشانی,mohtasham-kashani,محتشم کاشانی,10,1,456935,مثنویات,شماره ۳ - فی مرثیه امام حسین علیه‌السلام,ازین غم آفتاب از قصر افلاک,فکنده خویش را چون سایه بر خاک,99.66,81.39,99.77,60.59,99.85,87.44,34.22,97.19,84.77,100
محتشم کاشانی,mohtasham-kashani,محتشم کاشانی,10,2,451270,غزلیات,غزل شماره ۳۳۵,بیش ازین منت وصل و از رخ آن ماه مکش,گر کشد هجر تو را جان بده و آه مکش,90.79,87.42,79,89.34,89.72,77.4,89.31,67.05,84.71,99.99061825687212
محتشم کاشانی,mohtasham-kashani,محتشم کاشانی,10,3,452179,غزلیات,غزل شماره ۴۵۴,همچو شمع از مجلست گریان و سوزان می‌رویم,رشک بر رخ تاب در دل داغ بر جان می‌رویم,98.73,96.11,97.93,96.61,96.29,0,85.45,91.07,84.14,99.98123651374425
محتشم کاشانی,mohtasham-kashani,محتشم کاشانی,10,4,447702,ترکیب‌بندها,شماره ۲ - دوازده بند در مرثیه شاهنشاه مغفور شاه طهماسب صفوی انارالله برهانه,از بساط شش جهت دست غنیم جان چه برد,با بسیط نه فلک موج محیط غم چه کرد,97.96,69.44,85.38,66.97,95.76,87.33,64.02,99.44,83.73,99.97185477061637
محتشم کاشانی,mohtasham-kashani,محتشم کاشانی,10,5,448270,ترکیب‌بندها,شماره ۹ - فی مرثیه محمد قلی میرزا غفرالله ذنوبه,کافاق روی روز کند همچو شب سیاه,وز غم نه افتاب برآید دگر نه ماه,96.49,90.72,99.63,56.18,99.91,85.93,47.2,69.53,83.52,99.96247302748851
محتشم کاشانی,mohtasham-kashani,محتشم کاشانی,10,6,452002,غزلیات,غزل شماره ۴۲۹,گر من به مردن دل نهم آسوده جانی را چه غم,وز مهر من گرجان دهم نامهربانی را چه غم,97.56,24.59,85.38,96.69,86.75,98.85,86.77,96.81,83.45,99.95309128436062
محتشم کاشانی,mohtasham-kashani,محتشم کاشانی,10,7,454540,قصاید,قصیده شماره ۲۷ - فی مدح محمدخان ترکمان فی حاله نزوله به کاشان,دوش ز ره قاصدی خرم و خندان رسید,کز نفس او به دل رایحه جان رسید,93.58,73.41,79,94.74,96.22,46.91,91.49,85.64,82.79,99.94370954123276
محتشم کاشانی,mohtasham-kashani,محتشم کاشانی,10,8,450356,غزلیات,غزل شماره ۲۱۵,یک دلان خوش دلی از فتح سلطان یافتند,دشمنان سر باختند و دوستان جان یافتند,85.77,24.59,94.87,97.77,99.97,97.85,87.21,62.9,81.6,99.93432779810489
محتشم کاشانی,mohtasham-kashani,محتشم کاشانی,10,9,450277,غزلیات,غزل شماره ۲۰۴,دلا گذشت شب هجر و یار از سفر آمد,ز خواب غم بگشا دیده کافتاب برآمد,90.04,73.41,79,79.62,99.45,97.77,28.65,86.4,81.56,99.92494605497701
محتشم کاشانی,mohtasham-kashani,محتشم کاشانی,10,10,447793,ترکیب‌بندها,شماره ۳ - من نتایج افکاره فی مرثیه‌اخیه‌الصاحب الاجل الاکرام خواجه عبدالغنی,چرا تو جامه نکردی سیاه در غم من,چرا تو خاک نکردی بسر ز ماتم من,90.04,73.41,79,88.9,90.3,46.91,99.64,86.29,81.33,99.91556431184914
وحشی,vahshi,وحشی,10,1,437827,غزلیات,غزل ۱۳۵,گل چیست اگر دل ز غم آزاد نباشد,از گل چه گشاید چو دلی شاد نباشد,93.58,90.11,96.52,97.57,94.03,96.36,97.41,23.01,89.11,100
وحشی,vahshi,وحشی,10,2,447080,فرهاد و شیرین,در بیان وصل و هجران نکویان و رفتن شیرین به تماشای بیستون,ز درد جان گداز و آه دل سوز,ز شب روزش بتر بودی شب از روز,99.62,90.11,98.18,79.33,99.42,92,91.38,36.67,88.61,99.99048072346501
وحشی,vahshi,وحشی,10,3,442435,ترکیبات,در سوگواری قاسم‌بیگ قسمی,پشت من بشکست کوه درد جان فرسای من,باز افزاید همان این درد کار افزای من,90.04,90.11,79,88.76,98.05,85.46,89.25,84.46,88.23,99.98096144693002
وحشی,vahshi,وحشی,10,4,437926,غزلیات,غزل ۱۵۱,هر دلی کز عشق جان شعله اندوزش نبود,گر سراپا آتش سوزنده شد سوزش نبود,95.96,75.92,95.44,95.38,97.14,51.09,88.05,88.49,86.53,99.97144217039505
وحشی,vahshi,وحشی,10,5,441850,مثنویات,از نامه پرسوز و گدازی که شاعر شوریده دل به دلدار سفر کرده خود نگاشته است,علمدار سپاه جان گدازان,ترنم ساز بزم نوحه سازان,95.96,95.55,79,84.77,89.88,81.2,57.21,97.81,86.51,99.96192289386006
وحشی,vahshi,وحشی,10,6,444678,ناظر و منظور,رفتن شاهزاده منظور به شکار و باز را بر کبک انداختن و شام فراق ناظر را به صبح وصال مبدل ساختن,دلم رقاص شد این بیغمی چیست,به راه دیده اشک خرمی چیست,90.79,84.15,83.88,93.87,51.94,96.67,93.47,96.28,86.02,99.95240361732507
وحشی,vahshi,وحشی,10,7,444942,ناظر و منظور,دایره پرگار سخن را از پرگار خانه دو زبان ساختن و در میدانگاه خاتمه بیان علم فراغت افراختن و خاتمه سخن را به مناجات مثنی کردن و نامه کن و خامه قدرت تمام نمودن رساله رسالت به نعمت مهر محمدی ختم نمودن,سحر خیزی بسی کردم چو خورشید,که زر گردید خاک راه امید,99.39,84.15,97.93,70.71,95.12,84.65,53.24,84.99,85.91,99.9428843407901
وحشی,vahshi,وحشی,10,8,437219,غزلیات,غزل ۳۵,یاد او کردم ز جان سد آه درد آلود خاست,خوی گرمش در دلم بگذشت و از دل دود خاست,90.79,87.42,79,93.95,91.24,77.4,88.79,56.38,84.64,99.93336506425511
وحشی,vahshi,وحشی,10,9,438875,غزلیات,غزل ۳۱۳,سد دشنه بر دل می‌خورم و ز خویش پنهان می‌کنم,جان گریه بر من می‌کند من خنده بر جان می‌کنم,88.96,24.59,94.87,99.13,98.55,96.31,94.42,88.53,84.63,99.92384578772014
وحشی,vahshi,وحشی,10,10,438987,غزلیات,غزل ۳۳۲,شد صرف عمرم در وفا بیداد جانان همچنان,جان باختم در دوستی او دشمن جان همچنان,96.5,24.59,94.87,99.6,99.81,97.68,98.26,62.35,84.59,99.91432651118515
بیدل دهلوی,bidel-dehlavi,بیدل دهلوی,11,1,487983,غزلیات,غزل شماره ۹۰۰,نداشت دیده من بی‌تو تاب خنده صبح,ز اشک داد چو شبنم جواب خنده صبح,91.82,75.92,85.38,97.97,76.94,98.14,95.18,96.32,89.16,100
بیدل دهلوی,bidel-dehlavi,بیدل دهلوی,11,2,502733,غزلیات,غزل شماره ۲۱۹۴,قیامت‌ کرد گل در پیرهن بالیدنت نازم,جهان شد صبح‌ محشر زیر لب خندیدنت نازم,97.89,75.92,97.55,96.64,99.01,51.09,87.8,99.49,88.43,99.99689575960763
بیدل دهلوی,bidel-dehlavi,بیدل دهلوی,11,3,491975,غزلیات,غزل شماره ۱۲۴۶,همچو مینا غنچه رازم بهار آهنگ شد,پرتوی از خون دل بیرون دوید و رنگ شد,95.59,73.41,99.38,87.01,97.35,94.04,72.65,71.28,88.06,99.99379151921525
بیدل دهلوی,bidel-dehlavi,بیدل دهلوی,11,4,497127,غزلیات,غزل شماره ۱۶۹۹,خیال زلف‌ که واکرد راه در زنجیر,که عجز ناله ما کنده چاه در زنجیر,94.31,75.92,79,97.74,94.07,51.09,88.71,97.63,84.67,99.99068727882288
بیدل دهلوی,bidel-dehlavi,بیدل دهلوی,11,5,504259,غزلیات,غزل شماره ۲۳۲۷,دیده انتظار را دام امید کرده‌ایم,ای قدمت به چشم ما خانه سفید کرده‌ایم,82.25,95.4,57.7,96.44,95.44,95.24,84.96,60,84.22,99.9875830384305
بیدل دهلوی,bidel-dehlavi,بیدل دهلوی,11,6,490857,غزلیات,غزل شماره ۱۱۵۰,باز اشکم به خیالت چه فسون می‌ریزد,مژه می ا‌فشرم آیینه برون می‌ریزد,99.75,24.59,87.48,97.76,95.86,83.3,88.29,98.2,83.75,99.98447879803813
بیدل دهلوی,bidel-dehlavi,بیدل دهلوی,11,7,502729,غزلیات,غزل شماره ۲۱۹۳,زرنگ ناز چون گل بزم عشرت چیدنت نازم,چو شمع از شوخی‌ برق نگه بالیدنت نازم,86.54,73.41,97.93,99.07,72.6,46.91,92.78,97.57,83,99.98137455764574
بیدل دهلوی,bidel-dehlavi,بیدل دهلوی,11,8,477915,غزلیات,غزل شماره ۲۰,به مهر مادرگیتی مکش رنج امید اینجا,که خونها می‌خورد تا شیر می‌گردد سفید اینجا,72,75.92,57.7,95.98,98.58,99.63,85.41,86.52,82.64,99.97827031725338
بیدل دهلوی,bidel-dehlavi,بیدل دهلوی,11,9,502976,غزلیات,غزل شماره ۲۲۱۶,ز فیض‌ گریه سرشار افسردن فراموشم,به رنگ چشمه آب دیده دارد آتش جوشم,95.84,91.62,86.67,70.19,93.29,86.71,23.54,88.16,82.57,99.97516607686099
بیدل دهلوی,bidel-dehlavi,بیدل دهلوی,11,10,499692,غزلیات,غزل شماره ۱۹۲۳,گاه موج اشک و گاهی گرد افغانست دل,روزگاری شد به ‌کار عشق حیرانست دل,84.8,75.92,90.15,94.77,96.36,94.59,92.01,6.26,82.56,99.97206183646861
صائب تبریزی,saeb-tabrizi,صائب تبریزی,11,1,561515,غزلیات,غزل شماره ۵۱۷۳,آتشین شد چهره خاک ازمی گلرنگ عشق,چرخ شد خاکستری ازآتش بی رنگ عشق,98.2,91.62,97.55,93.09,98.1,88.43,91.52,96.31,94.6,100
صائب تبریزی,saeb-tabrizi,صائب تبریزی,11,2,556140,غزلیات,غزل شماره ۴۶۳۳,می شود از درد و داغ عشق دلها دیده ور,دربهاران می شود از لاله صحرا دیده ور,98.73,98.59,85.38,98.68,89.81,93.26,95.62,87.28,93.94,99.998708961101
صائب تبریزی,saeb-tabrizi,صائب تبریزی,11,3,576106,غزلیات,غزل شماره ۶۶۱۳,از اشک ماست پاکی دامان صبحگاه,از آه سرد ماست رگ جان صبحگاه,98.45,81.39,85.38,98.34,97.09,89.7,99.32,96.53,92.92,99.99741792220199
صائب تبریزی,saeb-tabrizi,صائب تبریزی,11,4,520196,غزلیات,غزل شماره ۹۸۱,پیش ما دشنام جانان از شکر شیرین ترست,روی تلخ بحر از آب گهر شیرین ترست,97.38,97.11,97.29,99.09,99.83,92,97.11,35.24,92.22,99.99612688330299
صائب تبریزی,saeb-tabrizi,صائب تبریزی,11,5,537082,غزلیات,غزل شماره ۲۷۰۲,گلشن حسن از بهار عشق خرم می شود,اشک بلبل رنگ چون گرداند شبنم می شود,98.51,73.41,97.93,91.35,95.59,99.57,79.85,96.89,92.07,99.994835844404
صائب تبریزی,saeb-tabrizi,صائب تبریزی,11,6,519153,غزلیات,غزل شماره ۸۹۳,روز روشن گل و شمع شب تارست شراب,برگ عیش و طرب لیل و نهارست شراب,99.39,90.11,89.44,98.17,91.24,84.19,90.2,87.57,92.04,99.99354480550498
صائب تبریزی,saeb-tabrizi,صائب تبریزی,11,7,551443,غزلیات,غزل شماره ۴۱۸۱,دل را سیاه آه غم آلود می کند,تاریک چشم روزنه را دود می کند,99.62,94.71,85.38,93.49,93.81,87.06,77.28,96.27,91.82,99.99225376660598
صائب تبریزی,saeb-tabrizi,صائب تبریزی,11,8,583710,متفرقات,شماره ۳۷۵,عشق چون شعله کشد اشک دمادم چه کند؟,پیش خورشید صف آرایی شبنم چه کند؟,90.79,75.92,96.52,93.22,97.14,98.46,88.05,96.78,91.79,99.99096272770699
صائب تبریزی,saeb-tabrizi,صائب تبریزی,11,9,584101,متفرقات,شماره ۵۵۳,بیا ای عشق جان پای در گل را به راه افکن,ز آه سردی آتش در دلم چون صبحگاه افکن,99.06,95.5,98.42,91.7,89.72,92.79,85.33,64.93,91.74,99.98967168880797
صائب تبریزی,saeb-tabrizi,صائب تبریزی,11,10,541214,غزلیات,غزل شماره ۳۱۳۰,دل ظالم از آب چشم مظلومان نیندیشد,ز اشک هیزم تر آتش سوزان نیندیشد,98.37,97.79,86.67,97,91.25,86.71,89.59,71.18,91.33,99.98838064990898
فیض کاشانی,feiz-kashani,فیض کاشانی,11,1,477674,رباعیات,رباعی شماره ۴۶,مهرت سرشته حق در آب و گل من,جا کرده چه جان بتن در آب و گل من,99.85,88.72,87.48,97.89,87.42,75.28,95.11,64.67,88.65,100
فیض کاشانی,feiz-kashani,فیض کاشانی,11,2,473201,غزلیات,غزل شماره ۵۳۴,جان منزل جانان عشق دل عرصه جولان عشق,تن زخمی چوکان عشق سر گوش در میدان عشق,96.4,96.55,79,94.25,96.8,93.8,94.44,23.69,87.45,99.98979800040809
فیض کاشانی,feiz-kashani,فیض کاشانی,11,3,468122,غزلیات,غزل شماره ۲۴,آفتاب وصل جانان بر نمی آید مرا,وین شب تاریک هجران سرنمی آید مرا,98.96,78.97,85.38,97.87,98.1,56.08,91.14,63.65,85.41,99.97959600081616
فیض کاشانی,feiz-kashani,فیض کاشانی,11,4,471648,غزلیات,غزل شماره ۳۷۵,این دل پختگان عشق جانب حق همی رود,وان دل زاهدان خام سخت صبور میرود,94.31,75.92,79,85.08,99.5,80.12,73.21,90.98,85.27,99.96939400122425
فیض کاشانی,feiz-kashani,فیض کاشانی,11,5,474236,غزلیات,غزل شماره ۶۳۴,شب تار است روز من بیا خورشید تابانم,روان سوز است سوز من بیا ای راحت جانم,99.85,98.76,98.69,84.19,99.91,33.24,87.04,61.35,85.25,99.95919200163232
فیض کاشانی,feiz-kashani,فیض کاشانی,11,6,471605,غزلیات,غزل شماره ۳۷۱,دل که در وی درد نبود کی دلست,جان چه سوزی نبودش کی جان بود,98.62,90.72,97.29,73.11,99.41,90.81,95.16,5.95,85.22,99.9489900020404
فیض کاشانی,feiz-kashani,فیض کاشانی,11,7,476926,غزلیات,غزل شماره ۸۹۲,در جان عاشق آذری بر روی معشوق آب و رنگ,بر روی معشوق آب و رنگ در جان عاشق آذری,98.73,87.42,95.44,77.78,83.04,92.42,99.57,17.46,84.68,99.93878800244848
فیض کاشانی,feiz-kashani,فیض کاشانی,11,8,474932,غزلیات,غزل شماره ۶۹۸,ای خدا عشقی که دل بر آتشش بریان کنیم,ماه سیمایی که جان از مهر او تابان کنیم,99.24,69.44,85.38,92.8,93.64,81.2,89.72,36.44,83.6,99.92858600285656
فیض کاشانی,feiz-kashani,فیض کاشانی,11,9,475585,غزلیات,غزل شماره ۷۶۱,مهرت بجان بهار دل داغدار من,از مهر جان خزان نپذیرد بهار من,99.91,24.59,85.38,90.69,93.59,89.7,96.28,96.79,83.52,99.91838400326463
فیض کاشانی,feiz-kashani,فیض کاشانی,11,10,476268,غزلیات,غزل شماره ۸۳۱,یکنظر کن در جهان آب و گل از روی لطف,دوستان را گل برافشان دشمنان را خار ده,99.08,88.72,98.18,38.43,99.81,96.94,71,58.22,83.33,99.90818200367272
هاتف اصفهانی,hatef-esfahani,هاتف اصفهانی,12,1,586156,رباعیات,رباعی شماره ۱۱,یارب رود از تنم اگر جان چه شود,وز رفتن جان رهم ز هجران چه شود,95.59,73.41,79,97.46,88.12,88.03,94.7,97.71,88.72,100
هاتف اصفهانی,hatef-esfahani,هاتف اصفهانی,12,2,585236,غزلیات,غزل شماره ۸۰,روز و شب خون جگر می‌خورم از درد جدایی,ناگوار است به من زندگی ، ای مرگ کجایی,94.09,69.44,97.29,76.26,99.88,96.94,66.67,88.89,87.02,99.93650793650794
هاتف اصفهانی,hatef-esfahani,هاتف اصفهانی,12,3,586162,رباعیات,رباعی شماره ۱۴,باز آی و به کوی فرقتم فرد نگر,وز درد فراق چهره‌ام زرد نگر,73.34,97.79,57.7,90.41,98.1,88.43,85.05,90.29,84.04,99.87301587301587
هاتف اصفهانی,hatef-esfahani,هاتف اصفهانی,12,4,585804,ماده تاریخ‌ها,شماره ۶,دیده ایام ریخت از غم او سیل خون,بر سر عالم فشاند ماتم او خاک غم,98.51,73.41,85.38,43.71,98.05,97.77,78.52,88.13,82.91,99.80952380952381
هاتف اصفهانی,hatef-esfahani,هاتف اصفهانی,12,5,586174,رباعیات,رباعی شماره ۲۰,دلخسته‌ام از ناوک دلدوز فراق,جان سوخته از آتش دلسوز فراق,96.53,24.59,79,93.9,92.66,91.67,89.58,97.81,82.13,99.74603174603175
هاتف اصفهانی,hatef-esfahani,هاتف اصفهانی,12,6,585122,غزلیات,غزل شماره ۵۸,در وصل چو هجر سوزدم جان,از درد به جانم از دوا هم,86.92,81.39,92.66,52.48,87.26,89.7,83.33,56.87,79.81,99.68253968253968
هاتف اصفهانی,hatef-esfahani,هاتف اصفهانی,12,7,585846,ماده تاریخ‌ها,شماره ۱۱,رفت و سیل اشک جاری شد ز چشم مرد و زن,رفت و جوی خون روان از دیده پیر و جوان,87.91,87.03,95.84,56.34,82.48,96.15,89.37,20.79,79.56,99.61904761904762
هاتف اصفهانی,hatef-esfahani,هاتف اصفهانی,12,8,584873,غزلیات,غزل شماره ۱۲,روز وصلم به تن آرام نباشد جان را,که دمادم کند اندیشه شب هجران را,95.13,24.59,97.29,87.07,99.91,85.93,77.36,56.53,79.39,99.55555555555556
هاتف اصفهانی,hatef-esfahani,هاتف اصفهانی,12,9,585773,ماده تاریخ‌ها,شماره ۴,کز جداییش روز روشن خلق,گشت تاریک چون شب دیجور,88.96,94.71,97.29,36.23,85.2,90.24,66.67,59.27,79.09,99.4920634920635
هاتف اصفهانی,hatef-esfahani,هاتف اصفهانی,12,10,585127,غزلیات,غزل شماره ۵۹,مپرس ای گل ز من کز گلشن کویت چسان رفتم,چو بلبل زین چمن با ناله و آه و فغان رفتم,86.84,95.47,85.38,92.19,16.13,75.11,87.47,86.46,78.72,99.42857142857143
فروغی بسطامی,forughi-bastami,فروغی بسطامی,13,1,589096,غزلیات,غزل شماره ۲۴۹,عاشقی کز خون دل جام شرابش می‌دهند,چشم تر، اشک روان، حال خرابش می‌دهند,96.82,78.97,83.88,96.9,84.96,99.67,89.31,84.93,89.89,100
فروغی بسطامی,forughi-bastami,فروغی بسطامی,13,2,588572,غزلیات,غزل شماره ۲۰۳,سنبل ز بوی زلفت بی صبر و بی سکون شد,نرگس به یاد چشمت رنجور و ناتوان شد,77.57,96.11,90.15,86.48,90.57,81.2,74.26,86.27,85.6,99.98286497601097
فروغی بسطامی,forughi-bastami,فروغی بسطامی,13,3,590038,غزلیات,غزل شماره ۳۳۳,تیره شد روزم و افزود غم جان سوزم,هر چه افزون ز پی ناله شب گیر شدم,98.63,96.55,99.72,43.91,99.94,92.89,50.67,87.02,85.53,99.96572995202193
فروغی بسطامی,forughi-bastami,فروغی بسطامی,13,4,589988,غزلیات,غزل شماره ۳۲۹,جانی که خلاص از شب هجران تو کردم,در روز وصال تو به قربان تو کردم,94.63,24.59,97.29,95.7,99.25,97.68,81.53,84.59,84.42,99.94859492803289
فروغی بسطامی,forughi-bastami,فروغی بسطامی,13,5,588519,غزلیات,غزل شماره ۱۹۹,هر دلی کز عشق ماهی اندرو راهی نباشد,کشوری ویرانه دانش کاندرو شاهی نباشد,91.55,78.97,79,96.26,99.18,56.08,84.61,86.51,84.39,99.93145990404386
فروغی بسطامی,forughi-bastami,فروغی بسطامی,13,6,592036,غزلیات,غزل شماره ۵۱۶,برق عشقت کفر و ایمان مرا یکسر بسوخت,کز رخ و گیسو بلای کفر و ایمانم تویی,97.97,70.78,97.29,43.67,99.9,84.09,74.42,98.05,83.15,99.91432488005483
فروغی بسطامی,forughi-bastami,فروغی بسطامی,13,7,592032,غزلیات,غزل شماره ۵۱۶,چون نرقصد جانم از شادی که جانانم تویی,محرم دل مطلب تن مقصد جانم تویی,88.64,24.59,92.66,96.15,98.21,94.59,95.13,62.75,81.6,99.8971898560658
فروغی بسطامی,forughi-bastami,فروغی بسطامی,13,8,590736,غزلیات,غزل شماره ۳۹۶,گشت فراق و وصل تو مرگ و بقای عاشقان,کشتی و زنده ساختی ای تو خدای عاشقان,82.04,24.59,94.87,97.03,99.83,98.99,89.05,62.8,81.08,99.88005483207677
فروغی بسطامی,forughi-bastami,فروغی بسطامی,13,9,587719,غزلیات,غزل شماره ۱۲۳,فریاد که جز اشک شب و آه سحرگاه,اندر سفر عشق مرا هم سفری نیست,94.31,75.92,79,47.61,91.71,98.14,69.15,86.41,80.56,99.86291980808774
فروغی بسطامی,forughi-bastami,فروغی بسطامی,13,10,587189,غزلیات,غزل شماره ۷۵,مرگ بر بالین وجانان غافل است,جان بدین سختی سپردن مشکل است,93.58,84.15,79,89.27,96.15,18.41,92.14,90.17,80.52,99.8457847840987
قاآنی,qaani,قاآنی,13,1,594254,قصاید,قصیده شماره ۳۹ - و له ایضا فی مدحه,کفر صورت چست درد فقر و سوز عاشقی,درد آن و سوز این الحق عجب جان پرورست,95.17,96.23,95.44,45.8,97.09,99.89,83.85,96.55,88.45,100
قاآنی,qaani,قاآنی,13,2,602089,قصاید,قصیده شماره ۱۹۴ - در ستایش شاهزاد‌ه رضوان و ساده حسنعلی میرزا طاب ا‌لله ثراه گوید,بود چون روز شامم با وصال روی چون ماهش,. شود چون شام روزم از فراق مهر تابانش,95.17,70.78,99.95,74.73,87.74,99.49,92.51,71.08,87.05,99.99509202453987
قاآنی,qaani,قاآنی,13,3,594525,قصاید,قصیده شماره ۴۴ - و له ایضا فی مدحه,گریه مطر اشک قطره دیده سحابست,عشق شرر شوق شعله سینه تنورست,97.56,84.15,79,67.89,99.69,99.16,62.6,88.67,85.87,99.99018404907976
قاآنی,qaani,قاآنی,13,4,606811,قصاید,قصیده شماره ۲۸۷ - در مدح شجاع السلطنه حسنعلی میرزا,رود آمون‌ گشت هامون ز اشک جیحون‌زای من,رشک سیحون شد زمین از چشم خون پالای من,93.24,70.78,83.88,87.35,75.78,93.61,77.9,97.54,85.03,99.98527607361963
قاآنی,qaani,قاآنی,13,5,610548,مسمطات,در مدح و ستایش اختر شهریاری و صدف گوهر تاجداری سترکبری و مهدعلیا مام خجسته شهریار کامگارناصرالدین شاه قاجار ادام‌الله اقباله گوید,جهان پر ملال را بهشت خرمی تویی,به جان غم رسیدگان بهار بیغمی تویی,98.2,24.59,85.38,93.25,99.18,95.24,89.16,98.29,84.45,99.98036809815952
قاآنی,qaani,قاآنی,13,6,605429,قصاید,قصیده شماره ۲۵۶ - در مدح شاهزاه آزاد‌ه هلاکوخان بن شجاع السلطنه,نه چهره روح مجسم چه چهره چهره ساقی,نه ناله عیش مصور چه ناله ناله ارغن,84.17,99.95,57.7,76.62,86.08,96.15,96.69,85.67,84.4,99.97546012269939
قاآنی,qaani,قاآنی,13,7,608122,قصاید,قصیده شماره ۳۱۴ - در ستایش وزیر بی نظیر میرزا ابواقاسم قایم مقام فرماید,چو شهد عهد تو در کام دوستان شیرین,چو زهر قهر تو در جان دشمنان جانکاه,85.16,94.13,99.92,31.01,99.87,97.68,84.9,84.94,84.13,99.97055214723926
قاآنی,qaani,قاآنی,13,8,610399,غزلیات,غزل شماره ۶۹,تو ماهی و دل‌ها عزیزست که هرسو,بر خاک طپد از غم عشق تو چو ماهی,93.58,90.11,96.52,40.87,90.25,94.04,75.01,85,83.61,99.96564417177915
قاآنی,qaani,قاآنی,13,9,595253,قصاید,قصیده شماره ۶۳ - در مدح شجاع‌السلطنه حسنعلی میرزا گوید,باد نوروزی شمیم عطر جان می‌آورد,در چمن ‌از مشک چین صد کاروان می‌آورد,91.55,91.62,79,96.25,99.18,18.41,82.51,97.59,82.36,99.96073619631902
قاآنی,qaani,قاآنی,13,10,609895,غزلیات,غزل شماره ۲۵,رفتند دوستان و کم از بیش و کم نماند,روزم سیاه گشت و برم سایه هم نماند,82.59,89.56,83.29,93.79,85.78,84.09,91.67,25.33,81.94,99.9558282208589
ملا هادی سبزواری,molla-hadi-sabzevari,ملا هادی سبزواری,13,1,613226,غزلیات,غزل شماره ۵۲,سوزد از آتش عشق تو دلم شمع صفت,نی چگویم که چو شمعم بدرون آب کجاست,96.21,73.41,99.63,55.49,99.95,84.19,76.16,61.03,82.38,100
ملا هادی سبزواری,molla-hadi-sabzevari,ملا هادی سبزواری,13,2,613526,غزلیات,غزل شماره ۸۵,بر خیال رخ آنماه درخشان همه شب,دارد اسرار ز اشک اختر رخشانی چند,98.2,78.97,85.38,35.78,99.55,97.61,57.74,97.19,81.75,99.9437570303712
ملا هادی سبزواری,molla-hadi-sabzevari,ملا هادی سبزواری,13,3,612851,غزلیات,غزل شماره ۱۲,گرمه من برافکند از رخ خود نقاب را,گوشه نشین کند ز غم خسرو آفتاب را,90.04,73.41,79,87.93,93.04,46.91,81.55,96.89,80.92,99.8875140607424
ملا هادی سبزواری,molla-hadi-sabzevari,ملا هادی سبزواری,13,4,613516,غزلیات,غزل شماره ۸۵,خورد چشم سیهت خون مسلمانی چند,کرد ویران نگهت خانه ایمانی چند,84.17,84.15,57.7,96.16,98.53,67.28,91.48,57.64,80.3,99.83127109111362
ملا هادی سبزواری,molla-hadi-sabzevari,ملا هادی سبزواری,13,5,612968,غزلیات,غزل شماره ۲۴,تا شدی آینه مهر رخت سینه ما,می‌دهد تاب به مهر فلک آیینه ما,95.4,78.97,27.66,91.83,65.21,88.43,91,86.66,77.61,99.77502812148481
ملا هادی سبزواری,molla-hadi-sabzevari,ملا هادی سبزواری,13,6,614304,غزلیات,غزل شماره ۱۷۸,بلب آمد ز درد بی دوا جان ساقیا جامی,بشد بنیاد دل زیر و زبر مطرب بم وزیری,92.04,88.72,79,53.45,99.39,41.78,64.4,97.67,77.44,99.71878515185601
ملا هادی سبزواری,molla-hadi-sabzevari,ملا هادی سبزواری,13,7,613939,غزلیات,غزل شماره ۱۳۴,چولاله بی گل روی تو داغم,بود زهر از فراقت در ایاغم,77.57,98.59,57.7,76.79,86.56,67.28,60.64,93.88,77.42,99.66254218222723
ملا هادی سبزواری,molla-hadi-sabzevari,ملا هادی سبزواری,13,8,613135,غزلیات,غزل شماره ۴۱,ز فغانم ز فراق رخ و زلفت بفغان,سگ کویت همه شب تا سحری نیست که نیست,98.29,70.78,85.38,34.29,93.93,75.7,55.29,96.39,76.85,99.60629921259843
ملا هادی سبزواری,molla-hadi-sabzevari,ملا هادی سبزواری,13,9,613242,غزلیات,غزل شماره ۵۴,هندوی خال رخش باج ز عنبر گرفت,پسته جان پرورش شهد ز شکر گرفت,82.25,99.35,57.7,90.79,99.18,0,90.56,90.52,75.89,99.55005624296963
ملا هادی سبزواری,molla-hadi-sabzevari,ملا هادی سبزواری,13,10,613280,غزلیات,غزل شماره ۵۸,مرا از عشق دل لبریز خون است,چو اخگر کز محبت در درون است,82.25,24.59,92.66,92.42,92.54,95.24,94.05,20.34,75.84,99.49381327334083
احمد شاملو,ahmad-shamlou,احمد شاملو,14,1,656393,هوای تازه,غزل بزرگ,حباب سیاه دنیای چشمش در اشک غلتید.,روح‌ها درد کشیدند و ابرهای ظلم برق زد.,99.54,99.16,87.48,41.33,99.66,87.06,38.42,99.48,83.27,100
احمد شاملو,ahmad-shamlou,احمد شاملو,14,2,657193,لحظه‌ها و همیشه,انگیزه‌های خاموشی,و روح تاریکی بر قالب خاک منتشر بود,و هر چیز بسودنی دستمایه‌ی وهمی دیگرگونه بود,97.56,73.41,85.38,86.53,95.59,0,92.61,99.91,78.78,99.96696399074992
احمد شاملو,ahmad-shamlou,احمد شاملو,14,3,656315,هوای تازه,رکسانا,به سان آتش سرد امیدی در ته چشمانم شعله می‌زند.,و زیر لب با سکوتی مرگبار فریاد می‌زنم:,77.57,98.59,92.66,12.03,98.56,93.26,21.43,93.88,74.66,99.93392798149983
احمد شاملو,ahmad-shamlou,احمد شاملو,14,4,655699,هوای تازه,کبود,زیر خروش و جنبش ظاهر,زیر شتاب روز و شب موج,83.13,86.35,83.29,43.74,85.79,33.24,92.23,85.95,73.37,99.90089197224975
احمد شاملو,ahmad-shamlou,احمد شاملو,14,5,656314,هوای تازه,رکسانا,و مرا چون قایقی رسیده به ساحل به خاک نشانده باشد,و روح مرا به رکسانا روح دریا و عشق و زندگی باز رسانده باشد،,99.26,24.59,98.42,87.74,45.99,39.65,79.02,99.79,71.95,99.86785596299967
احمد شاملو,ahmad-shamlou,احمد شاملو,14,6,656663,باغ آینه,شب‌گیر,گاه وایی می‌کشد از سوز جان.,خود اگر شب سرخوش از وایش نبود,98.45,81.39,85.38,43.9,92.77,0,77.65,90.17,71.77,99.83481995374959
احمد شاملو,ahmad-shamlou,احمد شاملو,14,7,655406,هوای تازه,رنج دیگر,ورنه چرا بوسه خون چکاندم از لب,ورنه چرا خنده اشک ریزدم از چشم,83.67,97.79,14.81,62.41,79.51,99.67,97.6,29.12,71.2,99.8017839444995
احمد شاملو,ahmad-shamlou,احمد شاملو,14,8,657089,لحظه‌ها و همیشه,سرود,یکی تیغ در جان شب کاشتم؛,مرا، تیغ فریاد برنده نیست,94.48,86.35,79,40.83,96.31,0,74.17,90.79,70.63,99.76874793524942
احمد شاملو,ahmad-shamlou,احمد شاملو,14,9,657863,مرثیه‌های خاک,و حسرتی,من از آنگونه با خویش به مهرم,که بسمل شدن را به جان می‌پذیرم,91.55,24.59,79,69.24,89.34,56.08,57.3,97.67,70.52,99.73571192599934
احمد شاملو,ahmad-shamlou,احمد شاملو,14,10,656770,باغ آینه,فقر,از لذتی جان‌گرفته‌ام که از آن من نیست,به مرگی جان می‌سپارم که از آن من نیست.,89.04,24.59,79,98.38,86.23,0,94.96,96.53,69.97,99.70267591674926
اقبال لاهوری,iqbal-lahori,اقبال لاهوری,14,1,625500,رموز بیخودی,لم یلد و لم یولد,ابن مسعود آن چراغ افروز عشق,جسم و جان او سراپا سوز عشق,98.45,81.39,85.38,90.51,95.86,89.7,88.21,99.75,91.04,100
اقبال لاهوری,iqbal-lahori,اقبال لاهوری,14,2,630530,پس چه باید کرد؟,پس چه باید کرد ای اقوام شرق,روح خود در سوز بلبل دیده ایم,خون آدم در رگ گل دیده ایم,99.92,99.73,87.48,98.56,96.76,56.08,97.12,71.76,89.84,99.98738488709475
اقبال لاهوری,iqbal-lahori,اقبال لاهوری,14,3,631458,ارمغان حجاز,چو بلبل ناله زاری نداری,چو بلبل ناله زاری نداری,که در تن جان بیداری نداری,94.48,86.35,99.38,98.5,88.68,72.64,89.56,70.1,88.93,99.97476977418948
اقبال لاهوری,iqbal-lahori,اقبال لاهوری,14,4,625685,پیام مشرق,دل من روشن از سوز درون است,دل من روشن از سوز درون است,جهان بین چشم من از اشک خون است,99.3,99.16,85.38,90.64,97.14,94.59,87.13,11.74,87.32,99.96215466128422
اقبال لاهوری,iqbal-lahori,اقبال لاهوری,14,5,629388,جاویدنامه,نمودار شدن خواجه اهل فراق ابلیس,ناله یی زان دود پیچان شد بلند,ای خنک جانی که گردد درد مند,91.55,97.79,95.44,65.56,98.7,88.43,57.1,89.43,86.89,99.94953954837897
اقبال لاهوری,iqbal-lahori,اقبال لاهوری,14,6,626745,پیام مشرق,پیام,ما ز خلوت کده عشق برون تاخته ایم,خاک پا را صفت آینه پرداخته ایم,97.89,75.92,85.38,94.56,98.58,51.09,86.76,99.57,86.31,99.9369244354737
اقبال لاهوری,iqbal-lahori,اقبال لاهوری,14,7,627546,زبور عجم,دیار شوق که درد آشناست خاک آنجا,دیار شوق که درد آشناست خاک آنجا,به ذره ذره توان دیده جان پاک آنجا,98.73,97.31,85.38,94.16,98.22,51.09,89.54,58.38,86.28,99.92430932256843
اقبال لاهوری,iqbal-lahori,اقبال لاهوری,14,8,629227,جاویدنامه,نوای طاهره,سوز و ساز عاشقان دردمند,شورهای تازه در جانم فکند,95.27,99.98,95.44,67.75,90.42,77.4,59.97,91.31,86.23,99.91169420966317
اقبال لاهوری,iqbal-lahori,اقبال لاهوری,14,9,628227,جاویدنامه,تمهید آسمانی - نخستین روز آفرینش نکوهش می کند آسمان زمین را,خاک اگر الوند شد جز خاک نیست,روشن و پاینده چون افلاک نیست,98.85,81.39,99.72,95.37,82.49,33.24,95.1,97.24,85.78,99.89907909675792
اقبال لاهوری,iqbal-lahori,اقبال لاهوری,14,10,631003,ارمغان حجاز,مقام عشق و مستی منزل اوست,مقام عشق و مستی منزل اوست,چه آتش ها که در آب و گل اوست,98.98,75.92,99.72,89.98,99.83,90.81,81.89,16.75,85.77,99.88646398385266
بهرام سالکی,bahram-saleki,بهرام سالکی,14,1,673372,مثنوی گرگ نامه,۷۲ - مرد عیاری ، سواره ، حین گشت,چشمه خورشید ، در صحرا روان,خاک ، در اندوه خار نیمه جان,100,81.39,95.82,68.24,97.18,61.55,70.35,88.86,84.15,100
بهرام سالکی,bahram-saleki,بهرام سالکی,14,2,672053,مثنوی گرگ نامه,۰۲ - در به روی غمگساران بسته ایم,هر که در گرداب اندوهی ، غریق,چشم بر ساحل ، به امید رفیق,82.25,78.97,57.7,69.06,92.43,95.24,75.7,93.88,79.69,99.92542878448918
بهرام سالکی,bahram-saleki,بهرام سالکی,14,3,671999,مثنوی گرگ نامه,۰۱ - صد هزار ابهام اندر خلقت است,هر دو در این خاک ، تخمی کاشتیم,چشم امیدی بدان ، بگماشتیم,92.59,81.39,79,81.59,89.61,61.55,33.51,97.12,79.13,99.85085756897838
بهرام سالکی,bahram-saleki,بهرام سالکی,14,4,673534,مثنوی گرگ نامه,۷۸ - مونس ایام تنهایی من,در دل ما جز غم جانان نبود,دردی ار دل داشت ، بی‌درمان نبود,85.68,78.97,57.7,95.97,96.76,88.43,96.81,6.52,78.48,99.77628635346755
بهرام سالکی,bahram-saleki,بهرام سالکی,14,5,673537,مثنوی گرگ نامه,۷۸ - مونس ایام تنهایی من,بر حدیث عشق ، رنگ خون زدند,آتشی در خرمن مجنون زدند,77.57,84.15,57.7,92.27,92.9,96.67,85.6,21.42,78.05,99.70171513795675
بهرام سالکی,bahram-saleki,بهرام سالکی,14,6,672319,مثنوی گرگ نامه,۲۱ - هر ندا را نیست ، امید جواب,سینه‌ای از سوز دل ، در خون نگشت,کس ز عشق لیلی‌ای ، مجنون نگشت,81.22,75.92,57.7,92.88,96.32,94.59,92.33,10.17,77.44,99.62714392244594
بهرام سالکی,bahram-saleki,بهرام سالکی,14,7,673452,مثنوی گرگ نامه,۷۴ - یک سخن بشنو از آن مرد غریب,منبر وعظی ز چوب تاک داشت,پا به خاک و ریشه در افلاک داشت,95.84,24.59,86.67,91.8,86.77,33.24,83.41,97.9,74.59,99.55257270693512
بهرام سالکی,bahram-saleki,بهرام سالکی,14,8,672221,مثنوی گرگ نامه,۱۳ - آنچه من بافم ، قدر بشکافتش,وین اجل ، چون کرکسی در انتظار,مرگ ماهی ، از نبود آب ، دان,90.79,75.92,96.52,24.45,96.73,51.09,70.4,90.93,74.55,99.47800149142431
بهرام سالکی,bahram-saleki,بهرام سالکی,14,9,673376,مثنوی گرگ نامه,۷۲ - مرد عیاری ، سواره ، حین گشت,جرعه‌ای از مشک خود آبیش داد,قطره قطره جان به حلقومش چکاند,95.96,84.15,79,63.09,89.71,0,71.86,97.03,73.22,99.4034302759135
بهرام سالکی,bahram-saleki,بهرام سالکی,14,10,673599,غزلیات,۳ - سهم,بامدادی بلبلی در ناله و فریاد بود,ناله‌های زار او در گوش گل چون باد بود,59.33,99.83,79,91.23,36.17,85.46,87.24,35.73,72.92,99.32885906040269
خلیل‌الله خلیلی,khalilullah-khalili,خلیل‌الله خلیلی,14,1,631801,رباعیات,رباعی شماره ۴۲,یارب سوزی که جسم و جان را سوزم,این کارگه سود و زیان را سوزم,95.96,94.71,79,99.67,87.31,0,94.93,96.86,81.37,100
خلیل‌الله خلیلی,khalilullah-khalili,خلیل‌الله خلیلی,14,2,631787,رباعیات,رباعی شماره ۳۵,آن ماه سخن ز بامیان می گوید,اسرار گذشته ی جهان می گوید,83.34,81.39,90.15,98.59,89.52,61.55,90.99,35.81,81.09,99.07407407407408
خلیل‌الله خلیلی,khalilullah-khalili,خلیل‌الله خلیلی,14,3,631781,رباعیات,رباعی شماره ۳۲,چو از دل عشق رفت آزار آید,چو گل رفت از گلستان خار آید,73.34,78.97,99.08,93.7,93.22,56.08,99.59,9.49,77.89,98.14814814814815
خلیل‌الله خلیلی,khalilullah-khalili,خلیل‌الله خلیلی,14,4,631747,رباعیات,رباعی شماره ۱۵,صبح است ز خرمی جهان می خندد,هر قطره به بحر بیکران می خندد,96.45,24.59,95.44,98.53,92.54,56.08,93.03,38.4,76.31,97.22222222222221
خلیل‌الله خلیلی,khalilullah-khalili,خلیل‌الله خلیلی,14,5,631819,رباعیات,رباعی شماره ۵۱,ای سرو روان که نخل امید منی,وی مایه ی جان که عمر جاوید منی,90.79,24.59,79,91.12,94.07,51.09,87.86,84.72,74.83,96.29629629629629
خلیل‌الله خلیلی,khalilullah-khalili,خلیل‌الله خلیلی,14,6,631811,رباعیات,رباعی شماره ۴۷,چو گم شد پرتو عشق از دل من,خدایا چیست جز غم حاصل من,73.34,24.59,98.83,86.2,94.29,95.24,71.89,15.99,72.32,95.37037037037037
خلیل‌الله خلیلی,khalilullah-khalili,خلیل‌الله خلیلی,14,7,631769,رباعیات,رباعی شماره ۲۶,عارف به دل ذره جهان می بیند,آنجا مه و مهر و کهکشان می بیند,95.96,24.59,79,96.94,94.07,51.09,87.86,26.63,71.93,94.44444444444444
خلیل‌الله خلیلی,khalilullah-khalili,خلیل‌الله خلیلی,14,8,631759,رباعیات,رباعی شماره ۲۱,گر علت مرگ را دوا می کردند,گر چاره ی این نوع دو پا می کردند,93.58,24.59,79,97.03,88.12,0,97.18,97.71,71.1,93.51851851851852
خلیل‌الله خلیلی,khalilullah-khalili,خلیل‌الله خلیلی,14,9,631807,رباعیات,رباعی شماره ۴۵,ما مرغ اسیر بی پر و بال توییم,هر جا که روی چون سایه دنبال توییم,98.62,73.41,87.48,95.65,25.26,0,79.66,97.17,70.84,92.5925925925926
خلیل‌الله خلیلی,khalilullah-khalili,خلیل‌الله خلیلی,14,10,631771,رباعیات,رباعی شماره ۲۷,دل در غم عشق تو برومند بود,در پرتو دیدار تو خرسند بود,75.81,24.59,57.7,89.69,88.97,95.89,77.2,57.55,70.69,91.66666666666666
رهی معیری,rahi-moayeri,رهی معیری,14,1,623642,منظومه‌ها,ساز محجوبی,گر چه غم درسینه خاکم برد,ساز محجوبی بر افلاکم برد,90.27,86.35,94.87,93.61,99.41,92.09,90.74,84.93,91.76,100
رهی معیری,rahi-moayeri,رهی معیری,14,2,622828,غزلها - جلد اول,جلوه ساقی,در قدح عکس تو یا گل در گلاب افتاده است؟,مهر در آیینه یا آتش در آب افتاده است؟,99.43,68.43,94.66,98.99,83.83,82.78,95.32,88.82,89.31,99.90467111534795
رهی معیری,rahi-moayeri,رهی معیری,14,3,622965,غزلها - جلد دوم,مردم فریب,شب یار من تب است و غم سینه سوز هم,تنها نه شب در آتشم ای گل که روز هم,96.21,95.5,97.29,88.7,99.19,96.31,91.21,13.28,88.55,99.80934223069589
رهی معیری,rahi-moayeri,رهی معیری,14,4,623315,غزلها - جلد چهارم,زبان اشک,چون صبح نودمیده صفا گستر است اشک,روشنتر از ستاره روشنگر است اشک,88.8,81.39,79,97.35,72.66,89.7,96.04,88.05,86.28,99.71401334604386
رهی معیری,rahi-moayeri,رهی معیری,14,5,623293,غزلها - جلد چهارم,محنت‌سرای خاک,از سوز دل چو خرمن آتش گرفته‌ای,وز اشک غم چو کشتی طوفان رسیده‌ای,95.03,78.97,99.54,80.56,96.94,88.43,57.74,70.31,85.86,99.61868446139181
رهی معیری,rahi-moayeri,رهی معیری,14,6,623011,غزلها - جلد سوم,کوی رضا,جانا رخم زرد خواهی جانم پر از درد خواهی,دانم چه ها کرد خواهی ای شعله با خرمن من,96.8,95.91,85.38,57.28,89.78,75.01,80.65,97.67,84.86,99.52335557673975
رهی معیری,rahi-moayeri,رهی معیری,14,7,622874,غزلها - جلد دوم,باران صبحگاهی,داغم چو لاله ای گل از درد من چه پرسی؟,مردم ز محنت ای غم از جان من چه خواهی؟,90.79,95.5,96.52,50.11,86.56,91.45,66.67,85.48,83.77,99.4280266920877
رهی معیری,rahi-moayeri,رهی معیری,14,8,623192,غزلها - جلد چهارم,جلوه نخستین,رخم چو لاله ز خوناب دیده رنگین است,نشان قافله سالار عاشقان این است,88.21,78.97,97.55,89.69,77.64,56.08,84.89,97.2,83.76,99.33269780743565
رهی معیری,rahi-moayeri,رهی معیری,14,9,623294,غزلها - جلد چهارم,محنت‌سرای خاک,چون شام بی رخ تو به ماتم نشسته‌ای,چون صبح از غم تو گریبان دریده‌ای,90.79,75.92,99.54,80.05,91.16,51.09,81.11,98.25,83.53,99.2373689227836
رهی معیری,rahi-moayeri,رهی معیری,14,10,623629,منظومه‌ها,ساز محجوبی,نغمه مرغ چمن جان پرور است,لیک دراین ساز سوزی دیگر است,99.8,98.59,87.48,88.8,98.53,0,90.95,96.27,83.25,99.14204003813155
سهراب سپهری,sohrab-sepehri,سهراب سپهری,14,1,660017,آوار آفتاب,دروگران پگاه,تو نیستی ، و غریو رودها گویا نیست، و دره ها ناخواناست.,می آیی: شب از چهره ها برمی خیزد، راز از هستی می پرد.,98.26,66.79,99.77,37.38,87.75,77.4,72.36,99.79,79.83,100
سهراب سپهری,sohrab-sepehri,سهراب سپهری,14,2,661261,مرگ رنگ,دود میخیزد,چشم میدوزد خیال روز و شب,از درون دل به تصویر امید.,88.96,84.15,94.87,33.35,99.86,88.82,60.64,9.29,73.98,99.93872549019608
سهراب سپهری,sohrab-sepehri,سهراب سپهری,14,3,660452,صدای پای آب,صدای پای آب، نثار شبهای خاموش مادرم,مرگ با خوشه انگور می آید به دهان.,مرگ در حنجره سرخ - گلو می خواند.,95.96,75.92,79,42,94.07,0,91.67,97.9,71.3,99.87745098039215
سهراب سپهری,sohrab-sepehri,سهراب سپهری,14,4,660089,آوار آفتاب,شاسوسا,در شب آن روزها فانوس گرفته ام.,درخت اقاقیا در روشنی فانوس ایستاده .,80.43,81.39,83.29,45.03,87.05,33.24,72.77,88.55,71.18,99.81617647058823
سهراب سپهری,sohrab-sepehri,سهراب سپهری,14,5,659958,آوار آفتاب,آوای گیاه,و همیشه خوشه چینی از راهم گذشت ، و کنار من خوشه راز از دستش لغزید.,و همیشه من ماندم و تاریک بزرگ ، من ماندم و همهمه آفتاب.,95.35,64.9,85.38,45.32,7.58,82.81,93.76,98.34,70.76,99.75490196078431
سهراب سپهری,sohrab-sepehri,سهراب سپهری,14,6,660435,صدای پای آب,صدای پای آب، نثار شبهای خاموش مادرم,و اگر مرگ نبود دست ما در پی چیزی می گشت.,و بدانیم اگر نور نبود ، منطق زنده پرواز دگرگون می شد.,97.01,66.89,97.55,36.56,81.78,0,87.58,97.59,70.23,99.69362745098039
سهراب سپهری,sohrab-sepehri,سهراب سپهری,14,7,660095,آوار آفتاب,شاسوسا,بازی های کودکی ام ، روی این سنگ های سیاه پلاسیدند.,سنگ ها را می شنوم: ابدیت غم.,97.08,69.44,85.38,24.74,93.12,41.78,37.97,98.14,69.69,99.63235294117648
سهراب سپهری,sohrab-sepehri,سهراب سپهری,14,8,659834,شرق اندوه,تراو,در آ، که کران را برچیدم، خاک زمان رفتم، آب نگر پاشیدم.,در سفالینه چشم ، صدبرگ نگه بنشاندم، بنشستم.,96.65,68.07,85.38,28.48,95.12,0,70.3,99.91,67.9,99.32598039215686
سهراب سپهری,sohrab-sepehri,سهراب سپهری,14,9,659998,آوار آفتاب,تارا,موجی غم را به لرزش نی ها داد.,غم را از لرزش نی ها چیدم، به تارم بر آمدم، به آیینه رسیدم.,61.96,97.64,57.7,29.65,85.66,72.64,81.83,62.59,67.6,99.26470588235294
سهراب سپهری,sohrab-sepehri,سهراب سپهری,14,10,660138,آوار آفتاب,غبار لبخند,دشت: دریای تپش، آهنگ ، نور.,سایه می زد خنده تاریک او.,99.06,92.94,31.41,30.87,63.25,67.28,56.54,96.91,67.5,99.20343137254902
سیمین بهبهانی,simin-behbahani,سیمین بهبهانی,14,1,666326,سیمین بهبهانی,نیاز,دیده ام چون نرگس غم می شکفت,وندرو برقی ز شبنم می شکفت,99.21,81.39,97.93,95.99,92.77,61.55,89.71,96.96,89.85,100
سیمین بهبهانی,simin-behbahani,سیمین بهبهانی,14,2,666293,سیمین بهبهانی,فریاد,ای سیل اشک من! ز چه بنیاد می کنی؟,ای درد عشق او! از چه بیداد می کنی؟,82.69,69.44,57.7,96.52,86.13,99.09,98.96,85.35,83.17,99.96350364963503
سیمین بهبهانی,simin-behbahani,سیمین بهبهانی,14,3,665244,سیمین بهبهانی,دفتر اندیشه,تار و روشن ،‌شاخه های سرو و بید,همچو قلب من پر از بیم و امید,90.04,73.41,96.52,62.24,97.35,94.04,54.01,85.64,82.85,99.92700729927007
سیمین بهبهانی,simin-behbahani,سیمین بهبهانی,14,4,666700,سیمین بهبهانی,با درد بسازم,مهربانان مهربانی می کنند,گاه سختی سخت جانی می کنند.,97.19,94.71,79,99.5,84.6,36.72,97.37,56.87,82.64,99.8905109489051
سیمین بهبهانی,simin-behbahani,سیمین بهبهانی,14,5,665391,سیمین بهبهانی,دل آزرده,دل آزرده چون شمع شبستان تو می سوزد,چه غم دارم؟ که این آتش به فرمان تو می سوزد,97.83,24.59,97.93,95.98,87.13,75.01,82.79,99.48,82.24,99.85401459854015
سیمین بهبهانی,simin-behbahani,سیمین بهبهانی,14,6,665805,سیمین بهبهانی,آتش تمنا,به چشم تیره من راز عاشقی گم شد,میان لاله او شمع شام فرسا مرد,97.89,75.92,97.55,44.87,98.38,94.59,47.03,88.22,82.16,99.81751824817519
سیمین بهبهانی,simin-behbahani,سیمین بهبهانی,14,7,665795,سیمین بهبهانی,غنچه راز,چهره ام تازه چو برگ گل ناز است هنوز,نگهم غنچه نشکفته راز است هنوز,81.22,90.72,92.66,96.54,99.68,51.09,86.84,24.19,80.78,99.78102189781022
سیمین بهبهانی,simin-behbahani,سیمین بهبهانی,14,8,665557,سیمین بهبهانی,رهگذر نیمه ساز,جسمی ز داغ عشق بتان، پر شور مراست,روحی چو باد سرد خزان، در به در مراست,69.06,96.55,92.66,92.22,96.75,43.79,87.77,62.21,80.69,99.74452554744525
سیمین بهبهانی,simin-behbahani,سیمین بهبهانی,14,9,666250,سیمین بهبهانی,دیشب,عشقش ز جان تیره من سر کشیده بود,در سنگلاخ خاطر من گل دمیده بود,90.79,75.92,79,91.02,93.81,51.09,77.35,62.73,79.37,99.7080291970803
سیمین بهبهانی,simin-behbahani,سیمین بهبهانی,14,10,665726,سیمین بهبهانی,گل یخ,دیر در دامنت آویختم ای عشق! چه سازم؟,به زمستان تو همچون گل یخ دیده گشودم,69.49,90.11,92.66,53.35,97.35,79.22,64.4,91.15,79.2,99.67153284671532
شاطرعباس صبوحی,shater-abbas-sabouhi,شاطرعباس صبوحی,14,1,633144,غزلیات,شیفته شیدایی,ز عشق روی تو، چون بلبل از گل,شکفته گردم، هر دم گل از گل,95.96,94.71,96.52,94.79,87.31,51.09,94.86,85.24,88.33,100
شاطرعباس صبوحی,shater-abbas-sabouhi,شاطرعباس صبوحی,14,2,632907,غزلیات,نقطه خال تو,گر صبوحی به وصال رخ جانان جان داد,سودن چهره به خاک سر کویش سبب است,99.96,90.11,87.48,45.48,98.16,46.91,70.89,71.33,78.01,99.83361064891847
شاطرعباس صبوحی,shater-abbas-sabouhi,شاطرعباس صبوحی,14,3,633128,غزلیات,نگران روی او,صبوحی خاک بر سر کن ز چشمان آب خون جاری,که عشق آتش بود دلبر به یادت می‌جهد خویش,99.78,68.43,98.69,23.38,99.91,98.62,50.45,58.3,77.15,99.66722129783693
شاطرعباس صبوحی,shater-abbas-sabouhi,شاطرعباس صبوحی,14,4,633389,دوبیتی‌ها,اشک,چه شد که بر گل عارض گلاب می‌ریزی,ستاره بر رخ این آفتاب می‌ریزی,95.4,91.62,83.88,97.1,32.79,18.41,87.23,88.27,75.52,99.50083194675541
شاطرعباس صبوحی,shater-abbas-sabouhi,شاطرعباس صبوحی,14,5,633058,غزلیات,بازار سنبل,چون نسیم صبحگاهی پرده گل بردرد,خار غم اندر دل مجروح بلبل، بشکند,75.81,81.39,92.66,47.87,99.09,61.55,39.49,90.88,74.42,99.33444259567388
شاطرعباس صبوحی,shater-abbas-sabouhi,شاطرعباس صبوحی,14,6,633400,شاطرعباس صبوحی,مخمسات,در دست غمت چند زنم ناله و فریاد,باز آی، که عشق تو مرا کند ز بنیاد,69.06,89.56,57.7,73.86,93.51,93.61,46.92,60.14,74.41,99.16805324459234
شاطرعباس صبوحی,shater-abbas-sabouhi,شاطرعباس صبوحی,14,7,633186,غزلیات,سرخوشم,از سیل اشک و ناله غم آه دردناک,سوزد درون و چهره از خون منقشم,84.8,97.31,57.7,19.86,98.38,99.71,47.03,86.47,74.2,99.00166389351082
شاطرعباس صبوحی,shater-abbas-sabouhi,شاطرعباس صبوحی,14,8,633184,غزلیات,سرخوشم,از آب چشم و آتش دل بی تو هر زمان,گاهی در آب غوطه ور و گه در آتشم,97.41,68.43,97.29,62.26,99.02,33.24,87.82,11.08,73.23,98.83527454242929
شاطرعباس صبوحی,shater-abbas-sabouhi,شاطرعباس صبوحی,14,9,633350,غزلیات ناتمام و اشعار پراکنده,ناز کن,بگشا غنچه لب را بنما بر همه کس,یک شکر خنده که با روح روان می‌ارزد,90.04,73.41,79,23.7,97.35,79.22,52.78,84.19,73.01,98.66888519134775
شاطرعباس صبوحی,shater-abbas-sabouhi,شاطرعباس صبوحی,14,10,633246,غزلیات,بیدل حیران,تویی در ملک جان، جان و چه جانی؟ جان مهرویان,تو سروی و قدت محشر، چه محشر؟ محشر دوران,99.08,24.59,85.38,76.32,90.17,36.72,64.34,99.78,72.27,98.50249584026622
شهریار,shahriar,شهریار,14,1,622226,گزیده غزلیات,غزل شماره ۱۱۹ - بمانیم که چه,سایه جان رفتنی استیم بمانیم که چه,زنده باشیم و همه روضه بخوانیم که چه,90.79,97.31,79,96.21,96.54,39.33,76.89,98.13,84.8,100
شهریار,shahriar,شهریار,14,2,621664,گزیده غزلیات,غزل شماره ۶۰ - خوابی و خماریی,عشق در آینه چشم و دلم چون خورشید,می درخشید بدان مژده که یار آمده بود,97.56,94.13,97.93,50.47,93.04,85.46,54.84,87.99,84.36,99.95953055443141
شهریار,shahriar,شهریار,14,3,621748,گزیده غزلیات,غزل شماره ۶۸ - جمال کعبه,اگر که شبرو عشقی چراغ ماهت بس,ستاره چشم و چراغ شب سیاهت بس,98.73,95.4,79,93.25,96.76,56.08,97.4,27.2,83.55,99.9190611088628
شهریار,shahriar,شهریار,14,4,622239,گزیده غزلیات,غزل شماره ۱۲۰ - غزال رمیده,سیاهی شب هجر و امید صبح سعادت,سپید کرد مرا دیده تا دمید سپیده,96.45,91.62,79,45.76,96.94,95.24,57.51,98.89,83.23,99.87859166329422
شهریار,shahriar,شهریار,14,5,621844,گزیده غزلیات,غزل شماره ۷۸ - لاله سیراب,دود آهم شد اشک غمم ای چشم و چراغ,شمع عشقی که به امید تو روشن کردم,98.94,89.56,97.55,26.86,93.51,99.49,50.67,96.87,82.73,99.83812221772563
شهریار,shahriar,شهریار,14,6,622422,گزیده غزلیات,غزل شماره ۱۳۹ - پری و فروغ,من از آن سیاه دارم به غم تو روز روشن,که تو ماهی و تعلق به شب سیاه داری,90.14,95.05,94.87,54.9,97.24,82.78,87.87,12.55,80.14,99.79765277215702
شهریار,shahriar,شهریار,14,7,621561,گزیده غزلیات,غزل شماره ۴۹ - افسانه شب,از راز فسونکاری شب پرده برافتاد,هر روز که خورشید جهانتاب برآمد,84.63,84.15,94.87,51.43,99.86,88.82,63.18,60.66,80.05,99.75718332658843
شهریار,shahriar,شهریار,14,8,621324,گزیده غزلیات,غزل شماره ۲۳ - زکات زندگی,شب همه بی تو کار من شکوه به ماه کردنست,روز ستاره تا سحر تیره به آه کردنست,84.71,69.44,83.29,94.73,86.1,98.45,84.63,12.02,79.77,99.71671388101983
شهریار,shahriar,شهریار,14,9,621697,گزیده غزلیات,غزل شماره ۶۳ - اشک ندامت,رود از دیده چو با یادمنش اشک ندامت,لاله از خاکم و از کالبدم ناله برآید,99.51,96.91,90.58,32.58,65.9,85.46,64.24,96.4,79.74,99.67624443545124
شهریار,shahriar,شهریار,14,10,621565,گزیده غزلیات,غزل شماره ۵۰ - جلوه جلال,چه می کند بدو چشم شب فراق تو ماه,که این ستاره شماران ستاره بارانند,99.3,90.72,85.38,41.12,86.68,80.12,40.38,97.01,79.29,99.63577498988265
شیون فومنی,shivon-foumani,شیون فومنی,14,1,670761,دو بیتی ها,از آن در شعر,سر شکم همچو آب روشن استی,غم ناشسته رویان با من استی,93.58,84.15,96.52,91.4,93.92,67.28,95.2,14.91,83.09,100
شیون فومنی,shivon-foumani,شیون فومنی,14,2,670345,غزل‌ها,می رانمت چو مهتاب,زیبا ترین حضوری از عشق در من ای دوست,عشقی که آتشم زد در ماه بهمن ای دوست,66.5,69.44,57.7,98.6,89.81,81.2,97.44,71.02,77.57,99.79166666666667
شیون فومنی,shivon-foumani,شیون فومنی,14,3,670693,غزل‌ها,ریحان,تا ز چشم دشمنم آیینه دار خویشتن,"در جهان,چون من عزیزی نیست,خوار خویشتن",72,75.92,92.66,97.4,94.07,51.09,87.1,35.77,77.45,99.58333333333333
شیون فومنی,shivon-foumani,شیون فومنی,14,4,670444,غزل‌ها,غزل جنگل,به چشم انداز مه آلود خون یاران عاشق را,رها در نور همچون گیسوان یار شد جنگل,83.84,70.78,95.44,34.78,78.08,98.98,72.89,71.02,75.99,99.375
شیون فومنی,shivon-foumani,شیون فومنی,14,5,670474,غزل‌ها,بخوان که,چو اژدهای دمانی که خورده خون جهانی,قفس گشوده دهانی به زیر سایه ی بالم,98.73,75.92,97.93,22.29,98.38,51.09,49.68,98.27,75,99.16666666666667
شیون فومنی,shivon-foumani,شیون فومنی,14,6,670346,غزل‌ها,می رانمت چو مهتاب,راهم زدی و آهم در سینه ی شب افروخت,گم شد ستاره من در روز روشن ای دوست,94.23,69.44,97.72,54.15,86.02,33.24,66.67,85.41,74.42,98.95833333333334
شیون فومنی,shivon-foumani,شیون فومنی,14,7,670527,غزل‌ها,برای بردن تو,شب عروسی تو عشق را کفن کردند,ترا به حجله ی خون سوگوار من کردند,72,24.59,57.7,93.69,91.01,94.59,87.67,88.16,73.94,98.75
شیون فومنی,shivon-foumani,شیون فومنی,14,8,670624,غزل‌ها,قحط شادابیست,آه ... اگر رگبار گیسوی تو دریا دم نبود,یک کف از خاک کویر خاطرم، خرم نبود,96.65,24.59,31.41,90.92,77.44,94.04,88.58,99.58,73.6,98.54166666666667
شیون فومنی,shivon-foumani,شیون فومنی,14,9,670618,غزل‌ها,غزل حالی,زمین زمزمه ام شوره زار شد از اشک,که گشت چشمه ی جان، صرف تشنه سالی عشق,78.61,70.78,90.15,23.22,98.98,93.61,40.25,88.51,73.34,98.33333333333333
شیون فومنی,shivon-foumani,شیون فومنی,14,10,670405,غزل‌ها,غزل برنج,ور بکام دوست گردد گو: به شالیزار سرخ,قطره قطره خون ما را نوش جان سازد برنج,95.17,70.78,79,34.95,98.5,43.79,68.39,96.66,73.27,98.125
فروغ فرخزاد,forough-farrokhzad,فروغ فرخزاد,14,1,662674,دیوار,ستیزه,شب چو ماه آسمان پر راز,گرد خود آهسته می پیچد حریر راز,98.45,81.39,97.93,88.15,95.86,89.7,85.44,96.98,92.03,100
فروغ فرخزاد,forough-farrokhzad,فروغ فرخزاد,14,2,662170,اسیر,راز من,وای از این چشمی که می کاود نهان,روز و شب در چشم من راز مرا,96.21,90.11,97.29,50.05,99.24,84.19,81.44,57.58,83.69,99.96164173379364
فروغ فرخزاد,forough-farrokhzad,فروغ فرخزاد,14,3,663703,تولدی دیگر,مرداب,جانش اقلیم تباهی ها شود,ژرفنایش گور ماهی ها شود,99.3,87.42,85.38,98.68,88.56,0,94.7,99.51,82.05,99.92328346758727
فروغ فرخزاد,forough-farrokhzad,فروغ فرخزاد,14,4,662448,دیوار,اندوه پرست,آسمان سینه ام پر درد می شد,ناگهان طوفان اندوهی به جانم چنگ می زد,98.73,97.31,97.55,37.25,98.38,87.06,21.41,96.23,81.93,99.88492520138091
فروغ فرخزاد,forough-farrokhzad,فروغ فرخزاد,14,5,662521,دیوار,بر گور لیلی,در چشمهای لیلی اگر شب شکفته بود,در چشم من شکفته گل آتشین عشق,95.03,95.4,79,69.36,90.12,56.08,98.91,58.14,81.34,99.84656693517454
فروغ فرخزاد,forough-farrokhzad,فروغ فرخزاد,14,6,662619,دیوار,شکوفه اندوه,شادم که در شرار تو می سوزم,شادم که در خیال تو می گریم,82.25,78.97,57.7,80.29,85.72,88.43,97.6,88.31,80.95,99.80820866896816
فروغ فرخزاد,forough-farrokhzad,فروغ فرخزاد,14,7,663186,عصیان,از راهی دور,نه به ره پرتو مهتاب امیدی,نه به دل سایه ای از راز نهانی,98.2,78.97,85.38,41.58,91.83,95.24,74.13,71.72,80.62,99.76985040276179
فروغ فرخزاد,forough-farrokhzad,فروغ فرخزاد,14,8,661957,اسیر,شراب و خون,گم شدم در پهنه صحرای عشق,در شبی چون چهره بختم سیاه,93.58,92.94,96.52,33.85,95.12,67.28,60.64,96.29,80.15,99.73149213655543
فروغ فرخزاد,forough-farrokhzad,فروغ فرخزاد,14,9,662728,دیوار,تشنه,( چهره خورشید شهر ما دریغا سخت تاریک است ),خوب می دانم که دیگر نیست امیدی,97.89,99.65,85.38,15.39,99.32,80.12,22.2,97.54,76.79,99.69313387034906
فروغ فرخزاد,forough-farrokhzad,فروغ فرخزاد,14,10,662137,اسیر,بیمار,من ناله می کنم که خداوندا,جانم بگیر و کم بده آزارش,93.58,84.15,79,36.02,91.47,67.28,60.64,96.59,76.36,99.6547756041427
محمدحسن بارق شفیعی,mohammad-hasan-bareq-shafiei,محمدحسن بارق شفیعی,14,1,670265,محمدحسن بارق شفیعی,هشدار,در موج‌های گریه غم خنده‌ها نگر,در روح بندگان خود آگاه رنجبر,84.63,84.15,94.87,50.67,99.86,99.6,84.38,86.96,85.03,100
محمدحسن بارق شفیعی,mohammad-hasan-bareq-shafiei,محمدحسن بارق شفیعی,14,2,670025,محمدحسن بارق شفیعی,طاقت پروانه,داروی سوز درون ما شراب ناب نیست,آتش این لاله را افسردگی از آب نیست,99.11,75.92,89.44,90.74,87.88,33.24,87.71,99.53,83.21,99.83552631578947
محمدحسن بارق شفیعی,mohammad-hasan-bareq-shafiei,محمدحسن بارق شفیعی,14,3,669695,محمدحسن بارق شفیعی,انگیزه زندگی,به هر موج هستی دهد جان نو,به هر جان نو سوز بالندگی,99.61,98.21,85.38,64.54,87.3,0,98.67,57.75,75.66,99.67105263157895
محمدحسن بارق شفیعی,mohammad-hasan-bareq-shafiei,محمدحسن بارق شفیعی,14,4,669896,محمدحسن بارق شفیعی,خدای من,عاشقم، عشق من خدای من است,دل من عرش دلربای من است,95.96,24.59,79,97.2,89.18,67.28,93.56,37.88,74.67,99.50657894736842
محمدحسن بارق شفیعی,mohammad-hasan-bareq-shafiei,محمدحسن بارق شفیعی,14,5,670179,محمدحسن بارق شفیعی,مرگ شاعر,آه گرم از دل پر درد کشید,اشک گلگون به رخ زرد چکید,93.98,99.81,27.66,60.82,82.15,93.42,46.21,70.73,73.7,99.3421052631579
محمدحسن بارق شفیعی,mohammad-hasan-bareq-shafiei,محمدحسن بارق شفیعی,14,6,669773,محمدحسن بارق شفیعی,به مرغ آزاد,ز سوز آرزو در بزم خورشید,به قلب نوریان عشق آفریدن,79.62,98.85,57.7,25.91,90.84,97.38,41.06,90.98,73.03,99.17763157894737
محمدحسن بارق شفیعی,mohammad-hasan-bareq-shafiei,محمدحسن بارق شفیعی,14,7,670100,محمدحسن بارق شفیعی,کاش!,جلوه گل برهنه‌تر بیند,دیده را آشنای راز کند,82.69,95.55,57.7,64.23,87.47,81.2,33.2,57.27,72.81,99.01315789473685
محمدحسن بارق شفیعی,mohammad-hasan-bareq-shafiei,محمدحسن بارق شفیعی,14,8,670102,محمدحسن بارق شفیعی,کاش!,زآفتاب حقیقتی که در اوست,چهره در بزم جان بر‌افروزد,86.22,87.42,57.7,37.42,87.66,77.4,60.64,87.66,72.75,98.84868421052632
محمدحسن بارق شفیعی,mohammad-hasan-bareq-shafiei,محمدحسن بارق شفیعی,14,9,670005,محمدحسن بارق شفیعی,شعر من!,وز چنگ دیو مرگ امانش بده امان!,شعر من، ای ستاره تابان عشق من!,73.34,78.97,57.7,60.97,95.91,56.08,71.93,85.43,71.7,98.68421052631578
محمدحسن بارق شفیعی,mohammad-hasan-bareq-shafiei,محمدحسن بارق شفیعی,14,10,670077,محمدحسن بارق شفیعی,عید من,گر سفره‌ها به آرزوی قرص جو تهی است،,ور میزها ز شیره جان پر ز لذت است،,89.04,24.59,79,86.89,98.2,0,86.88,98.1,69.28,98.51973684210526
ملک‌الشعرای بهار,malek-al-shoara-bahar,ملک‌الشعرای بهار,14,1,648909,آیینه عبرت,بخش اول - از کیومرث تا سربداران,هشت بغی زیردستان دردها بر روی درد,خاک یاغی شد کجا خون دل پرویز خورد,94.8,90.72,83.88,73.55,73.18,98.14,68.9,87.77,84.9,100
ملک‌الشعرای بهار,malek-al-shoara-bahar,ملک‌الشعرای بهار,14,2,642080,غزلیات,شماره ۷۸,سرخ ازتف عشقم دل‌، زرد از غم یارم رخ,دایم چو گل رعنا، می سوزم و می‌سازم,97.23,99.76,97.93,16.69,98.98,97.12,48.15,99.63,82.87,99.99518374030728
ملک‌الشعرای بهار,malek-al-shoara-bahar,ملک‌الشعرای بهار,14,3,620750,مثنویات,شماره ۱,ز بالا خروشان سوی خاک تاخت,به خاک آمد و جان عشقی گداخت,99.61,81.39,85.38,82.97,92.77,61.55,78.23,60.63,82.52,99.99036748061455
ملک‌الشعرای بهار,malek-al-shoara-bahar,ملک‌الشعرای بهار,14,4,652396,دل مادر,خاتمه,معنی عشق درآب و گل اوست,عشق اگر شکل پذیرد دل اوست,77.57,84.15,57.7,92.71,93.66,90.81,97.47,71.21,82.43,99.98555122092183
ملک‌الشعرای بهار,malek-al-shoara-bahar,ملک‌الشعرای بهار,14,5,645158,مثنویات,شماره ۴۱ - سلام به هند بزرگ,بزم نورالدین‌، گلستانی دگر,درگه نور جهان‌، جانی دگر,99.52,24.59,85.38,93.65,93.6,81.2,88.16,96.8,82.19,99.97591870153639
ملک‌الشعرای بهار,malek-al-shoara-bahar,ملک‌الشعرای بهار,14,6,645212,مثنویات,شماره ۴۱ - سلام به هند بزرگ,گویم ای هند گرامی شاد باش,سال و ماه از بند غم آزاد باش,82.25,78.97,57.7,90.24,98.1,95.24,84.55,70.49,82.18,99.97110244184367
ملک‌الشعرای بهار,malek-al-shoara-bahar,ملک‌الشعرای بهار,14,7,647825,ترجیعات,وقت کا رست,ای دل ز جفای دیده یاد آر,زان اشک به ره چکیده یاد آر,95.03,78.97,79,98.7,96.76,56.08,97.22,36.94,82.11,99.96628618215094
ملک‌الشعرای بهار,malek-al-shoara-bahar,ملک‌الشعرای بهار,14,8,620774,مثنویات,شماره ۱,گل عاشقی بود و عشقیش نام,به عشق وطن خاک شد والسلام,93.58,84.15,95.44,73.45,91.47,90.81,60.64,32.84,81.62,99.96146992245822
ملک‌الشعرای بهار,malek-al-shoara-bahar,ملک‌الشعرای بهار,14,9,641845,غزلیات,شماره ۵۰,جانا بهار از جان کشد بار غم هجر تو را,فرهاد باید تا ز جان بار غم شیرین کشد,94.22,68.43,79,71.54,90.11,90.2,96.04,57.5,81.54,99.95665366276549
ملک‌الشعرای بهار,malek-al-shoara-bahar,ملک‌الشعرای بهار,14,10,642652,قطعات,شماره ۵۰ - قطعه,پاداش اشک حسرت کامد ز چشم عاشق,ابریست کز پس مرگ بر تربتش ببارد,91.55,78.97,95.44,32.77,96.94,95.24,63.18,98.89,81.51,99.95183740307277
مهدی اخوان ثالث,mehdi-akhavan-sales,مهدی اخوان ثالث,14,1,669223,زمستان,گزارش,خدایا! زمین سرد و بی نور شد,بی آزرم شد، عشق ازو دور شد,73.34,78.97,90.15,87.39,94.29,56.08,81.41,84.49,80.43,100
مهدی اخوان ثالث,mehdi-akhavan-sales,مهدی اخوان ثالث,14,2,668666,دوزخ اما سرد,این است که...,چون روشن روشنان فرو میرد,تاریک شود جهان و خوف انگیز,84.97,98.08,92.66,46.08,86.65,72.64,68.55,89.15,80.18,99.95654063450674
مهدی اخوان ثالث,mehdi-akhavan-sales,مهدی اخوان ثالث,14,3,668729,زمستان,ارمغان فرشته,جوی خندان بود و من در اشک شوقش گرم گرم,گرد شب را شستم از رخسار و جانم تازه شد,97.56,87.42,97.55,47.84,86.42,40.15,71.59,96.37,78.78,99.91308126901347
مهدی اخوان ثالث,mehdi-akhavan-sales,مهدی اخوان ثالث,14,4,669215,زمستان,زمستان,به تابوت ستبر ظلمت نه توی مرگ اندود، پنهان است,حریفا! رو چراغ باده را بفروز، شب با روز یکسان است,97.98,24.59,98.18,89.75,99.8,33.24,85.63,99.53,78.17,99.86962190352021
مهدی اخوان ثالث,mehdi-akhavan-sales,مهدی اخوان ثالث,14,5,668724,زمستان,نغمه همدرد,روح من منتظر آمدن مرغ شب است,عشق در پنجه غم قلب مرا می‌فشرد,91.55,78.97,79,35.91,98.7,95.24,57.3,68.02,76.92,99.82616253802694
مهدی اخوان ثالث,mehdi-akhavan-sales,مهدی اخوان ثالث,14,6,669165,زمستان,مرداب,ای خوشا زیر و زبرها دیدن,راه پر بیم و بلا پیمودن,77.57,98.59,57.7,66.24,95.12,67.28,59.97,85.65,76.25,99.78270317253369
مهدی اخوان ثالث,mehdi-akhavan-sales,مهدی اخوان ثالث,14,7,668612,دوزخ اما سرد,شهاب‌ها و شب,در چاه بیم، امید به ماه ندیده داشت,و اینک ز مهر دیده خبر می‌دهد سحر,84.17,90.11,57.7,35.9,98.87,94.04,58.17,93.88,76.18,99.73924380704041
مهدی اخوان ثالث,mehdi-akhavan-sales,مهدی اخوان ثالث,14,8,669291,زمستان,بیمار,بیزارم، بیزارم، مادر جان,من دردم بی ساحل,96.77,90.11,79,53.94,74.17,85.46,69.52,34.07,76.09,99.69578444154715
مهدی اخوان ثالث,mehdi-akhavan-sales,مهدی اخوان ثالث,14,9,668736,زمستان,ارمغان فرشته,حزن شیرینی که هم درد است و هم درمان درد,سایه افکن شد به روح آسمان پیمای من,66.5,99.91,90.15,39.65,89.23,81.2,50.22,86.97,75.56,99.6523250760539
مهدی اخوان ثالث,mehdi-akhavan-sales,مهدی اخوان ثالث,14,10,668077,از این اوستا,آنگاه پس از تندر,یا آتشی پاشیده بر آن آب,خاموشی مرگش پر از فریاد,99.59,86.35,98.18,29.37,99.23,33.24,41.06,91.06,74.34,99.60886571056062
نیما یوشیج (آوای آزاد),nima-yushij,نیما یوشیج,14,1,653613,مجموعه اشعار,از : قصه ی رنگ پریده ، خون سرد,آفت جان من آخر عشق شد,علت سوزش سراسر عشق شد,94.48,86.35,95.44,94.58,88.68,91.67,90.74,71.67,90.33,100
نیما یوشیج (آوای آزاد),nima-yushij,نیما یوشیج,14,2,653880,مجموعه اشعار,افسانه,عاشق : لیک افسوس ! چون مارم این درد,می گزد بند هر بند جان را,98.96,78.97,97.93,46.28,86.86,95.24,68.92,96.81,84.17,99.92514970059881
نیما یوشیج (آوای آزاد),nima-yushij,نیما یوشیج,14,3,653621,مجموعه اشعار,از : قصه ی رنگ پریده ، خون سرد,بگذرد ایام عشق و اشتیاق,سوز خاطر ،‌سوز جان ،‌درد فراق,94.48,86.35,79,56.22,98.01,97.38,22.81,97.17,81.07,99.8502994011976
نیما یوشیج (آوای آزاد),nima-yushij,نیما یوشیج,14,4,654520,مجموعه اشعار,شب است,چه اندیشه ولیکن، که چه خواهد بود با ما صبح؟,چو صبح از کوه سر بر کرد، می پوشد ازین طوفان رخ آیا صبح؟,85.77,66.88,96.52,87.31,79.52,36.72,82.27,98.12,78.92,99.77544910179641
نیما یوشیج (آوای آزاد),nima-yushij,نیما یوشیج,14,5,653724,مجموعه اشعار,افسانه,بر رخ سبزه ، شب ژاله می زد,روی آن ماه ، از گرمی عشق,99.77,99.16,87.48,13.38,94.47,51.09,71.79,86.59,76.1,99.7005988023952
نیما یوشیج (آوای آزاد),nima-yushij,نیما یوشیج,14,6,654181,مجموعه اشعار,مفسده ی گل,صبح چو انوار سرافکنده زد,گل به دم باد وزان خنده زد,67.75,84.15,79,89.83,70.72,67.28,85.98,59.36,75.8,99.62574850299401
نیما یوشیج (آوای آزاد),nima-yushij,نیما یوشیج,14,7,654129,مجموعه اشعار,یادگار,تقدیر تو بر سرم نوشته,بوسم رخ روز و گیسوی شب,90.27,86.35,94.87,24.94,99.71,33.24,34.97,93.88,71.37,99.10179640718563
نیما یوشیج (آوای آزاد),nima-yushij,نیما یوشیج,14,8,654506,مجموعه اشعار,هنوز از شب...,به مانند خیال عشق تلخ من که می خواند,و مانند چراغ من که سوسو می زند در پنجره ی من,73.34,67.91,99.08,32.43,84.09,39.93,69.76,89.96,68.78,98.72754491017965
نیما یوشیج (آوای آزاد),nima-yushij,نیما یوشیج,14,9,654019,مجموعه اشعار,شیر,نه آبم نه آتش نه کوه از عتاب,که بس بدترم ز آتش و کوه و آب,82.59,24.59,83.29,80.28,82.47,33.24,92.51,68.89,68.01,98.57784431137725
نیما یوشیج (آوای آزاد),nima-yushij,نیما یوشیج,14,10,654177,مجموعه اشعار,گل نازدار,هر که چو گل جانب دل ها شکست,چون که بپژمرد به غم برنشست,73.34,78.97,99.08,58.18,91.83,56.08,22.99,19.46,67.42,98.50299401197606
پروین اعتصامی,parvin-etesami,پروین اعتصامی,14,1,617537,مثنویات، تمثیلات و مقطعات,روح آزاد,برتری تنها برنگ و بوی نیست,آینه جان از برای روی نیست,95.96,98.59,79,95.7,92.9,0,93.47,97.81,81.98,100
پروین اعتصامی,parvin-etesami,پروین اعتصامی,14,2,617408,مثنویات، تمثیلات و مقطعات,ذره و خفاش,چو خور شد دشمن آزادی من,رخ دشمن چه تاریک و چه روشن,97.67,95.99,98.27,65.98,18.48,93.79,82.21,97.18,81.84,99.98192988796531
پروین اعتصامی,parvin-etesami,پروین اعتصامی,14,3,617396,مثنویات، تمثیلات و مقطعات,ذره و خفاش,چو روشن شد رهم زان چهر رخشان,چه غم گر موج بینم یا که طوفان,72,97.31,98.83,68.53,93.81,80.12,46.85,89.77,81.82,99.96385977593062
پروین اعتصامی,parvin-etesami,پروین اعتصامی,14,4,617365,مثنویات، تمثیلات و مقطعات,ذره,گهی، رونده سحابی گرفت چهره مهر,گهی، هوا چو یم عشق گشت طوفانی,75.81,81.39,92.66,47.46,99.4,89.7,89.27,90.52,81.73,99.94578966389591
پروین اعتصامی,parvin-etesami,پروین اعتصامی,14,5,618585,مثنویات، تمثیلات و مقطعات,کعبه دل,چو بزم من، بساط روشنی نیست,چو ملک من، سرای ایمنی نیست,67.75,84.15,96.52,96.2,55.15,67.28,99.67,87.74,80.64,99.92771955186122
پروین اعتصامی,parvin-etesami,پروین اعتصامی,14,6,618966,مثنویات، تمثیلات و مقطعات,گل پژمرده,هر تنی، روشنتر از جانی شده,هر گل سرخی، گلستانی شده,99.58,93.62,85.38,93.2,88.68,0,98,70.38,80.14,99.90964943982654
پروین اعتصامی,parvin-etesami,پروین اعتصامی,14,7,618845,مثنویات، تمثیلات و مقطعات,گره گشای,درد اگر باشد یکی، دارو یکی است,جان فدای آنکه درد او یکی است,73.34,91.62,57.7,99.21,90.28,88.43,99.33,22.75,79.21,99.89157932779183
پروین اعتصامی,parvin-etesami,پروین اعتصامی,14,8,619707,مثنویات، تمثیلات و مقطعات,نغمه خوشه‌چین,فقرم چو گشت دوست، شنیدم ز دوستان,آن طعنه‌ها، که چشم ز دشمن نداشتم,79.96,78.97,97.29,41.5,86.38,98.32,66.67,84.94,79.17,99.87350921575714
پروین اعتصامی,parvin-etesami,پروین اعتصامی,14,9,617779,مثنویات، تمثیلات و مقطعات,سفر اشک,قاصد معشوق بود از کوی عشق,چهره عشاق را بوسید و رفت,93.58,84.15,79,34.93,91.47,90.81,60.64,98.14,79.15,99.85543910372245
پروین اعتصامی,parvin-etesami,پروین اعتصامی,14,10,616798,مثنویات، تمثیلات و مقطعات,جامه عرفان,مرا اخلاص اهل راز دادند,چو جانم جامه ممتاز دادند,81.22,24.59,92.66,96.76,88.56,77.4,94.19,88.12,79.08,99.83736899168775
کامبیز صدیقی کسمایی,kambiz-sedighi-kasmaei,کامبیز صدیقی کسمایی,14,1,671210,در جاده‌های سرخ شفق,شعر بی نام...,در سکوت شب، صدای آب را.,لاله های آتش شتاب را,95.72,86.35,86.67,86.55,85.27,33.24,73.65,96.97,81.44,100
کامبیز صدیقی کسمایی,kambiz-sedighi-kasmaei,کامبیز صدیقی کسمایی,14,2,671023,در جاده‌های سرخ شفق,کوچه,هر چه می بینم، غم انگیز است.,پنجره باز است,81.22,24.59,57.7,87.09,86.35,87.78,68.71,70.68,70.38,99.85693848354794
کامبیز صدیقی کسمایی,kambiz-sedighi-kasmaei,کامبیز صدیقی کسمایی,14,3,671787,در بادهای سرد,عاشقانه ای دیگر,- که در این لحظه، همه، چشم به راهت هستیم -,این شب سرد و غم انگیز و سیاه,92.83,98.76,79,11.72,93.51,43.79,20.47,91.04,68.63,99.71387696709584
کامبیز صدیقی کسمایی,kambiz-sedighi-kasmaei,کامبیز صدیقی کسمایی,14,4,671668,آواز قناری تنها,قصه برای بزرگسالان,دشمن نگاه کن که چه پیروز شد.,فاسد شدیم، فاسد فاسد، به جان دوست!,73.34,24.59,57.7,49.11,92.48,82.3,69.99,86.78,65.11,99.57081545064378
کامبیز صدیقی کسمایی,kambiz-sedighi-kasmaei,کامبیز صدیقی کسمایی,14,5,671667,آواز قناری تنها,قصه برای بزرگسالان,ما را فقط به جان تو، تقلید زندگی است.,دشمن یقین همین را می خواست.,90.79,24.59,79,62.58,96.54,51.09,8.78,87.84,65.05,99.4277539341917
کامبیز صدیقی کسمایی,kambiz-sedighi-kasmaei,کامبیز صدیقی کسمایی,14,6,671115,در جاده‌های سرخ شفق,پیام,و من اکنون تمام مردم شهر فقیرم را,چنان چون جان شیرین دوست می دارم.,90.79,75.92,96.52,25.96,93.81,0,47.84,63.48,64.28,99.28469241773963
کامبیز صدیقی کسمایی,kambiz-sedighi-kasmaei,کامبیز صدیقی کسمایی,14,7,671438,آواز قناری تنها,این نجیب...,آن چشم ها، به جان عزیزان؛ قشنگ تر,از شاه بیت هر غزل عاشقانه است.,94.31,75.92,79,19.01,98.38,0,39.93,90.4,63.56,99.14163090128756
کامبیز صدیقی کسمایی,kambiz-sedighi-kasmaei,کامبیز صدیقی کسمایی,14,8,671235,در جاده‌های سرخ شفق,ای بشارت...,روز و شب می کوشد؟,آه... آیا تو چو من,83.8,24.59,97.29,44.06,53.33,90.24,58.5,32.84,62.85,98.99856938483548
کامبیز صدیقی کسمایی,kambiz-sedighi-kasmaei,کامبیز صدیقی کسمایی,14,9,671965,در بادهای سرد,زندگی را، دوست باید داشت,باید این دیوار را با خاک یکسان کرد.,عشق را باید میان کوچه ها، چون سیل، جاری ساخت.,66.5,24.59,92.66,27.3,95.27,41.78,71.12,88.44,61.42,98.71244635193133
کامبیز صدیقی کسمایی,kambiz-sedighi-kasmaei,کامبیز صدیقی کسمایی,14,10,671672,آواز قناری تنها,از دوست داشتن حرف می زنم (برای «طاهر غزال» شاعر),آسمان چه آبی است,جان من! زمین چه سبز.,95.96,88.72,79,24.52,85.7,36.72,20.16,10.7,61.35,98.56938483547926
ا لیار (جبار محمدی),a-liyar-jabbar-mohammadi,الیار (جبار محمدی),15,1,674887,غزال غزل,تجلی جانان,مرا دردی گران بر جان زناز دلبر آمد,به محراب دلم مهرش چو ماهی انور آمد,95.59,96.91,96.52,89.3,98.05,97.77,90.56,85.17,94.35,100
ا لیار (جبار محمدی),a-liyar-jabbar-mohammadi,الیار (جبار محمدی),15,2,675229,غزال غزل,عشق من,درد مرا یکسره درمان کند؛ عشق من,می کشد افسار هوا، جان کند، عشق من,90.79,75.92,79,97.39,97.14,98.14,88.03,97.98,89.98,99.95208433157643
ا لیار (جبار محمدی),a-liyar-jabbar-mohammadi,الیار (جبار محمدی),15,3,675653,غزال غزل,آتش آشنایی,بوی موی دلبر آمد بر مشامم,گوییا خورشید جان آمد به شامم,98.73,98.59,85.38,84.36,96.15,67.28,78.86,97.4,89.05,99.90416866315284
ا لیار (جبار محمدی),a-liyar-jabbar-mohammadi,الیار (جبار محمدی),15,4,675909,رباعیات و دوبیتی‌ها,شماره ۱۴,دلم تا کام تام از آن مدام جام دلبر برد,سپند جان به مجمر بر رخ مه فام دلبر برد,97.56,68.07,85.38,98.33,92.37,77.4,95.38,99.65,88.78,99.85625299472927
ا لیار (جبار محمدی),a-liyar-jabbar-mohammadi,الیار (جبار محمدی),15,5,675108,غزال غزل,کوی جانان,عاشقان را کوی جانان دردها تسکین دهد,عشق خود را چون نگینی بر من مسکین دهد,90.04,73.41,96.52,95.48,93.69,97.77,87.79,62.69,88.38,99.8083373263057
ا لیار (جبار محمدی),a-liyar-jabbar-mohammadi,الیار (جبار محمدی),15,6,676558,اشعار متفرقه,همره دیرین,تزویر شب غم را، برچین و پگاهم کن,روشن دل راهم کن,98.73,84.15,85.38,87.46,98.95,67.28,53.8,91.02,85.28,99.76042165788212
ا لیار (جبار محمدی),a-liyar-jabbar-mohammadi,الیار (جبار محمدی),15,7,674900,غزال غزل,کاخ بهاران,درهیاهوی خزان من مویه ی گل دیده ام,گرد غم را بر رخ زیبای بلبل دیده ام,96.4,96.23,79,96.36,96.77,43.79,94.43,60.63,84.65,99.71250598945855
ا لیار (جبار محمدی),a-liyar-jabbar-mohammadi,الیار (جبار محمدی),15,8,675955,رباعیات و دوبیتی‌ها,شماره ۳۷,مگذار تا بر بام جان هرگز نشیند بوم ذلت,تا برخراشد گوش جان را ناله های شوم ذلت,82.69,88.72,57.7,92.17,96.77,75.28,95.57,87.1,83.55,99.66459032103498
ا لیار (جبار محمدی),a-liyar-jabbar-mohammadi,الیار (جبار محمدی),15,9,675808,غزال غزل,حلقه نیک اختری,دایره ی عشق من تا زتو محور گرفت,خاک دل از مهر تو صولت اختر گرفت,98.51,24.59,85.38,91.02,95.8,85.46,90.88,96.63,82.62,99.61667465261141
ا لیار (جبار محمدی),a-liyar-jabbar-mohammadi,الیار (جبار محمدی),15,10,675617,غزال غزل,نگین دل,مهر مهرش بر جبین کاینات عالم است,سرفراز از تاج عشقش، جسم و جان آدم است,98.51,24.59,85.38,88.97,97.46,85.46,87.13,96.69,82.24,99.56875898418784
عبدالقهار عاصی,abdul-qahar-asi,عبدالقهار عاصی,15,1,674384,رباعیات,رباعی شماره ۱۴,بی‌گریه و سوز و ساز محزون خفته,چون عاشق یار‌مرده در خون خفته,65.17,98.21,95.44,93.97,51.35,95.89,90.41,71.64,82.63,100
عبدالقهار عاصی,abdul-qahar-asi,عبدالقهار عاصی,15,2,674319,غزل‌ها,آزادی,به خون مرده آتش می‌زند شور نیایش را,به رامش می‌نشاند عشق را همراز آزادی,97.89,75.92,85.38,30.9,98.38,94.59,81.73,99.91,82.22,99.80582524271846
عبدالقهار عاصی,abdul-qahar-asi,عبدالقهار عاصی,15,3,674438,دوبیتی‌ها,دوبیتی شماره ۴,گل رویت بهارستان شاعر,شمیم گیسوانت جان شاعر,98.73,90.11,79,96.17,86.44,0,96.44,97.62,80.81,99.6116504854369
عبدالقهار عاصی,abdul-qahar-asi,عبدالقهار عاصی,15,4,674324,غزل‌ها,تو,درد پایان‌ناپذیر عشق در جانم تویی,لذت و لطف غزل‌های پریشانم تویی,77.57,84.15,57.7,95.49,96.15,96.67,91.13,38.36,80.69,99.41747572815534
عبدالقهار عاصی,abdul-qahar-asi,عبدالقهار عاصی,15,5,674309,غزل‌ها,تاریک,باده تاریک و گلوگیر، سر نامه سیاه,و غم دوزخی یار دو چندان تاریک,96.45,95.4,79,42.17,98.1,95.24,78.07,27.56,79.33,99.22330097087378
عبدالقهار عاصی,abdul-qahar-asi,عبدالقهار عاصی,15,6,674476,مثنوی‌ها,بیا ای دل,نه جانی بی‌قرار‌ماست این‌جا,نه چشمی انتظار ماست این‌جا,88.64,88.72,57.7,99.13,86.31,81.2,98.68,6.07,78.81,99.02912621359224
عبدالقهار عاصی,abdul-qahar-asi,عبدالقهار عاصی,15,7,674315,غزل‌ها,آزادی,قفس خون می‌شود تا می‌کشد آواز آزادی,کهستان می‌تپد تا می‌کند پرواز آزادی,84.55,98.21,14.81,98.02,78.21,61.55,88.29,90.29,75.82,98.83495145631068
عبدالقهار عاصی,abdul-qahar-asi,عبدالقهار عاصی,15,8,674448,دوبیتی‌ها,دوبیتی شماره ۹,دو چشمت چلچراغ شام عاشق,نگاهت بستر‌آرام عاشق,81.22,90.11,74.12,92.47,14.22,94.91,85.57,65.2,75.71,98.64077669902913
عبدالقهار عاصی,abdul-qahar-asi,عبدالقهار عاصی,15,9,674410,رباعیات,رباعی شماره ۲۷,این‌جا رخ تازه خاطر شادی نیست,سوگ است و سیاهی است و آزادی نیست,88.21,91.62,27.66,96.02,73,56.08,87.4,87.23,75.48,98.44660194174757
عبدالقهار عاصی,abdul-qahar-asi,عبدالقهار عاصی,15,10,674408,رباعیات,رباعی شماره ۲۶,آرامش باغ گل به گیسو زدنت,آشوب بهار شانه بر مو زدنت,85.38,99.59,14.81,91.2,68.22,67.28,92.14,89.96,74.98,98.25242718446601
